{
    "epoch": 5.0,
    "eval_accuracy": 0.8301299652205748,
    "eval_loss": 0.4832534193992615,
    "eval_runtime": 2.7912,
    "eval_samples": 5463,
    "eval_samples_per_second": 1957.223,
    "eval_steps_per_second": 15.406
}