{
    "epoch": 5.0,
    "eval_accuracy": 0.6137184115523465,
    "eval_loss": 0.887279212474823,
    "eval_runtime": 0.2388,
    "eval_samples": 277,
    "eval_samples_per_second": 1159.863,
    "eval_steps_per_second": 12.562
}