{
    "epoch": 5.0,
    "eval_accuracy": 0.6887254901960784,
    "eval_combined_score": 0.7315741127712185,
    "eval_f1": 0.7744227353463587,
    "eval_loss": 0.6410123109817505,
    "eval_runtime": 0.3476,
    "eval_samples": 408,
    "eval_samples_per_second": 1173.813,
    "eval_steps_per_second": 11.508
}