{
    "epoch": 5.0,
    "eval_loss": 0.6834428906440735,
    "eval_matthews_correlation": 0.3636017845679154,
    "eval_runtime": 0.8726,
    "eval_samples": 1043,
    "eval_samples_per_second": 1195.215,
    "eval_steps_per_second": 10.313
}