{
    "epoch": 5.0,
    "eval_loss": 0.6887409687042236,
    "eval_matthews_correlation": 0.37100286766283763,
    "eval_runtime": 0.8038,
    "eval_samples": 1043,
    "eval_samples_per_second": 1297.581,
    "eval_steps_per_second": 11.197
}