{
    "epoch": 5.0,
    "eval_accuracy": 0.8704427405392036,
    "eval_combined_score": 0.8499230378047764,
    "eval_f1": 0.8294033350703491,
    "eval_loss": 0.39696866273880005,
    "eval_runtime": 20.1435,
    "eval_samples": 40430,
    "eval_samples_per_second": 2007.102,
    "eval_steps_per_second": 15.687
}