{
    "epoch": 5.0,
    "eval_accuracy": 0.8480392156862745,
    "eval_combined_score": 0.869823803647333,
    "eval_f1": 0.8916083916083916,
    "eval_loss": 0.513634443283081,
    "eval_runtime": 0.3009,
    "eval_samples": 408,
    "eval_samples_per_second": 1355.995,
    "eval_steps_per_second": 13.294
}