{
    "epoch": 5.0,
    "eval_accuracy": 0.8864678899082569,
    "eval_loss": 0.49460700154304504,
    "eval_runtime": 0.3053,
    "eval_samples": 872,
    "eval_samples_per_second": 2856.113,
    "eval_steps_per_second": 22.928
}