{
    "epoch": 5.0,
    "eval_combined_score": 0.6098603821106073,
    "eval_loss": 1.7909358739852905,
    "eval_pearson": 0.6124895239746293,
    "eval_runtime": 1.1195,
    "eval_samples": 1500,
    "eval_samples_per_second": 1339.877,
    "eval_spearmanr": 0.6072312402465854,
    "eval_steps_per_second": 10.719
}