{
    "epoch": 5.0,
    "eval_accuracy": 0.6064981949458483,
    "eval_loss": 0.8886551260948181,
    "eval_runtime": 0.238,
    "eval_samples": 277,
    "eval_samples_per_second": 1164.004,
    "eval_steps_per_second": 12.607
}