{
    "epoch": 5.0,
    "eval_combined_score": 0.83568301200754,
    "eval_loss": 0.7056650519371033,
    "eval_pearson": 0.836945075796314,
    "eval_runtime": 1.841,
    "eval_samples": 1500,
    "eval_samples_per_second": 814.76,
    "eval_spearmanr": 0.8344209482187659,
    "eval_steps_per_second": 6.518
}