{
    "epoch": 5.0,
    "eval_accuracy": 0.555956678700361,
    "eval_loss": 0.8183121681213379,
    "eval_runtime": 0.1506,
    "eval_samples": 277,
    "eval_samples_per_second": 1839.916,
    "eval_steps_per_second": 19.927
}