{
    "epoch": 5.0,
    "eval_accuracy": 0.43661971830985913,
    "eval_loss": 0.713550865650177,
    "eval_runtime": 0.0671,
    "eval_samples": 71,
    "eval_samples_per_second": 1058.34,
    "eval_steps_per_second": 14.906
}