{
    "epoch": 5.0,
    "eval_accuracy": 0.8978481325748207,
    "eval_combined_score": 0.8807137207764109,
    "eval_f1": 0.863579308978001,
    "eval_loss": 0.4206567406654358,
    "eval_runtime": 20.3581,
    "eval_samples": 40430,
    "eval_samples_per_second": 1985.941,
    "eval_steps_per_second": 15.522
}