{
    "epoch": 5.0,
    "eval_combined_score": 0.81168235081083,
    "eval_loss": 0.8741004467010498,
    "eval_pearson": 0.8118747387297846,
    "eval_runtime": 1.2161,
    "eval_samples": 1500,
    "eval_samples_per_second": 1233.425,
    "eval_spearmanr": 0.8114899628918755,
    "eval_steps_per_second": 9.867
}