{
    "epoch": 5.0,
    "eval_accuracy": 0.36619718309859156,
    "eval_loss": 0.718578040599823,
    "eval_runtime": 0.027,
    "eval_samples": 71,
    "eval_samples_per_second": 2625.693,
    "eval_steps_per_second": 36.982
}