{
    "epoch": 5.0,
    "eval_combined_score": 0.7952381912995538,
    "eval_loss": 0.8648543357849121,
    "eval_pearson": 0.7958981296381525,
    "eval_runtime": 1.0837,
    "eval_samples": 1500,
    "eval_samples_per_second": 1384.187,
    "eval_spearmanr": 0.794578252960955,
    "eval_steps_per_second": 11.073
}