{
    "epoch": 5.0,
    "eval_accuracy": 0.8985654217165471,
    "eval_combined_score": 0.8813381136217846,
    "eval_f1": 0.8641108055270221,
    "eval_loss": 0.40323230624198914,
    "eval_runtime": 32.9062,
    "eval_samples": 40430,
    "eval_samples_per_second": 1228.646,
    "eval_steps_per_second": 9.603
}