{
    "epoch": 5.0,
    "eval_accuracy": 0.2676056338028169,
    "eval_loss": 0.7210056781768799,
    "eval_runtime": 0.0653,
    "eval_samples": 71,
    "eval_samples_per_second": 1086.956,
    "eval_steps_per_second": 15.309
}