{
    "epoch": 5.0,
    "eval_accuracy": 0.5054151624548736,
    "eval_loss": 0.8583362102508545,
    "eval_runtime": 0.229,
    "eval_samples": 277,
    "eval_samples_per_second": 1209.499,
    "eval_steps_per_second": 13.099
}