{
    "epoch": 5.0,
    "eval_accuracy": 0.7058823529411765,
    "eval_combined_score": 0.7480460715754833,
    "eval_f1": 0.7902097902097902,
    "eval_loss": 0.6132529973983765,
    "eval_runtime": 0.3399,
    "eval_samples": 408,
    "eval_samples_per_second": 1200.44,
    "eval_steps_per_second": 11.769
}