{
    "epoch": 5.0,
    "eval_accuracy": 0.8847390551570616,
    "eval_combined_score": 0.8649865983191485,
    "eval_f1": 0.8452341414812354,
    "eval_loss": 0.35505005717277527,
    "eval_runtime": 30.2597,
    "eval_samples": 40430,
    "eval_samples_per_second": 1336.099,
    "eval_steps_per_second": 10.443
}