{
    "epoch": 5.0,
    "eval_combined_score": 0.7956287052164345,
    "eval_loss": 0.9170175194740295,
    "eval_pearson": 0.7947967560857109,
    "eval_runtime": 1.1776,
    "eval_samples": 1500,
    "eval_samples_per_second": 1273.731,
    "eval_spearmanr": 0.7964606543471581,
    "eval_steps_per_second": 10.19
}