{
    "epoch": 5.0,
    "eval_combined_score": 0.8661975272648762,
    "eval_loss": 0.595294177532196,
    "eval_pearson": 0.8669382244540107,
    "eval_runtime": 1.1783,
    "eval_samples": 1500,
    "eval_samples_per_second": 1272.994,
    "eval_spearmanr": 0.8654568300757417,
    "eval_steps_per_second": 10.184
}