{
    "epoch": 5.0,
    "eval_accuracy": 0.8748701459312391,
    "eval_combined_score": 0.8558830208651586,
    "eval_f1": 0.836895895799078,
    "eval_loss": 0.4134896993637085,
    "eval_runtime": 32.0973,
    "eval_samples": 40430,
    "eval_samples_per_second": 1259.607,
    "eval_steps_per_second": 9.845
}