{
    "epoch": 5.0,
    "epoch_mm": 5.0,
    "eval_accuracy": 0.7136016301579216,
    "eval_accuracy_mm": 0.7187754271765663,
    "eval_loss": 0.7387451529502869,
    "eval_loss_mm": 0.7188829183578491,
    "eval_runtime": 4.8701,
    "eval_runtime_mm": 5.0105,
    "eval_samples": 9815,
    "eval_samples_mm": 9832,
    "eval_samples_per_second": 2015.339,
    "eval_samples_per_second_mm": 1962.268,
    "eval_steps_per_second": 15.811,
    "eval_steps_per_second_mm": 15.368
}