{
    "epoch": 5.0,
    "eval_accuracy": 0.8458722313747026,
    "eval_loss": 0.5863365530967712,
    "eval_runtime": 2.7921,
    "eval_samples": 5463,
    "eval_samples_per_second": 1956.557,
    "eval_steps_per_second": 15.4
}