{
    "epoch": 5.0,
    "eval_accuracy": 0.5848375451263538,
    "eval_loss": 0.6809179782867432,
    "eval_runtime": 0.15,
    "eval_samples": 277,
    "eval_samples_per_second": 1847.021,
    "eval_steps_per_second": 20.004
}