{
    "epoch": 5.0,
    "eval_accuracy": 0.5487364620938628,
    "eval_loss": 0.7142382264137268,
    "eval_runtime": 0.2252,
    "eval_samples": 277,
    "eval_samples_per_second": 1230.256,
    "eval_steps_per_second": 13.324
}