{
    "epoch": 5.0,
    "eval_accuracy": 0.8899082568807339,
    "eval_loss": 0.459492564201355,
    "eval_runtime": 0.2677,
    "eval_samples": 872,
    "eval_samples_per_second": 3256.804,
    "eval_steps_per_second": 26.144
}