{
    "epoch": 5.0,
    "eval_accuracy": 0.5523465703971119,
    "eval_loss": 0.6856570243835449,
    "eval_runtime": 0.0946,
    "eval_samples": 277,
    "eval_samples_per_second": 2927.397,
    "eval_steps_per_second": 31.705
}