{
    "epoch": 5.0,
    "eval_accuracy": 0.8915409349492951,
    "eval_combined_score": 0.873494218916876,
    "eval_f1": 0.8554475028844569,
    "eval_loss": 0.40363335609436035,
    "eval_runtime": 32.0802,
    "eval_samples": 40430,
    "eval_samples_per_second": 1260.278,
    "eval_steps_per_second": 9.85
}