{
    "epoch": 5.0,
    "eval_accuracy": 0.8142201834862385,
    "eval_loss": 0.9153044819831848,
    "eval_runtime": 0.6974,
    "eval_samples": 872,
    "eval_samples_per_second": 1250.388,
    "eval_steps_per_second": 10.038
}