{
    "epoch": 5.0,
    "epoch_mm": 5.0,
    "eval_accuracy": 0.7877738155883851,
    "eval_accuracy_mm": 0.7876322213181448,
    "eval_loss": 0.7102954387664795,
    "eval_loss_mm": 0.6944231390953064,
    "eval_runtime": 8.0959,
    "eval_runtime_mm": 12.0371,
    "eval_samples": 9815,
    "eval_samples_mm": 9832,
    "eval_samples_per_second": 1212.339,
    "eval_samples_per_second_mm": 816.811,
    "eval_steps_per_second": 9.511,
    "eval_steps_per_second_mm": 6.397
}