{
    "epoch": 5.0,
    "eval_accuracy": 0.8910550458715596,
    "eval_loss": 0.47980996966362,
    "eval_runtime": 0.2352,
    "eval_samples": 872,
    "eval_samples_per_second": 3706.812,
    "eval_steps_per_second": 29.757
}