{
    "epoch": 5.0,
    "epoch_mm": 5.0,
    "eval_accuracy": 0.7514009169638308,
    "eval_accuracy_mm": 0.7537632221318145,
    "eval_loss": 0.6287001371383667,
    "eval_loss_mm": 0.6040144562721252,
    "eval_runtime": 4.8639,
    "eval_runtime_mm": 4.8889,
    "eval_samples": 9815,
    "eval_samples_mm": 9832,
    "eval_samples_per_second": 2017.926,
    "eval_samples_per_second_mm": 2011.076,
    "eval_steps_per_second": 15.831,
    "eval_steps_per_second_mm": 15.75
}