{
    "epoch": 5.0,
    "eval_accuracy": 0.869156566905763,
    "eval_combined_score": 0.8507909038279449,
    "eval_f1": 0.8324252407501267,
    "eval_loss": 0.31619876623153687,
    "eval_runtime": 10.2495,
    "eval_samples": 40430,
    "eval_samples_per_second": 3944.6,
    "eval_steps_per_second": 30.831
}