{
    "epoch": 5.0,
    "eval_accuracy": 0.38028169014084506,
    "eval_loss": 0.7078497409820557,
    "eval_runtime": 0.0258,
    "eval_samples": 71,
    "eval_samples_per_second": 2751.888,
    "eval_steps_per_second": 38.759
}