{
    "epoch": 5.0,
    "eval_accuracy": 0.8412959912136189,
    "eval_loss": 0.4732394516468048,
    "eval_runtime": 4.2197,
    "eval_samples": 5463,
    "eval_samples_per_second": 1294.64,
    "eval_steps_per_second": 10.19
}