{
    "epoch": 5.0,
    "eval_accuracy": 0.8807568637150631,
    "eval_combined_score": 0.8618528430377772,
    "eval_f1": 0.8429488223604913,
    "eval_loss": 0.3069164752960205,
    "eval_runtime": 11.8781,
    "eval_samples": 40430,
    "eval_samples_per_second": 3403.737,
    "eval_steps_per_second": 26.604
}