{
    "epoch": 5.0,
    "eval_accuracy": 0.323943661971831,
    "eval_loss": 0.7335085868835449,
    "eval_runtime": 0.0432,
    "eval_samples": 71,
    "eval_samples_per_second": 1642.811,
    "eval_steps_per_second": 23.138
}