{
    "epoch": 5.0,
    "eval_accuracy": 0.7696078431372549,
    "eval_combined_score": 0.8085052202699261,
    "eval_f1": 0.8474025974025974,
    "eval_loss": 0.49466806650161743,
    "eval_runtime": 0.129,
    "eval_samples": 408,
    "eval_samples_per_second": 3162.815,
    "eval_steps_per_second": 31.008
}