{
    "epoch": 5.0,
    "eval_loss": 0.6890050172805786,
    "eval_matthews_correlation": 0.08960663570366986,
    "eval_runtime": 0.8256,
    "eval_samples": 1043,
    "eval_samples_per_second": 1263.368,
    "eval_steps_per_second": 10.902
}