{
    "epoch": 5.0,
    "eval_accuracy": 0.9139908256880734,
    "eval_loss": 0.5050292015075684,
    "eval_runtime": 0.7076,
    "eval_samples": 872,
    "eval_samples_per_second": 1232.286,
    "eval_steps_per_second": 9.892
}