{
    "epoch": 5.0,
    "eval_combined_score": 0.7468926695752787,
    "eval_loss": 1.0361942052841187,
    "eval_pearson": 0.7475786302420322,
    "eval_runtime": 1.0912,
    "eval_samples": 1500,
    "eval_samples_per_second": 1374.59,
    "eval_spearmanr": 0.7462067089085251,
    "eval_steps_per_second": 10.997
}