{
    "epoch": 5.0,
    "eval_accuracy": 0.5342960288808665,
    "eval_loss": 0.704771876335144,
    "eval_runtime": 0.2379,
    "eval_samples": 277,
    "eval_samples_per_second": 1164.128,
    "eval_steps_per_second": 12.608
}