{
    "epoch": 5.0,
    "eval_accuracy": 0.818597840014644,
    "eval_loss": 0.48866626620292664,
    "eval_runtime": 4.0296,
    "eval_samples": 5463,
    "eval_samples_per_second": 1355.734,
    "eval_steps_per_second": 10.671
}