{
    "epoch": 5.0,
    "eval_accuracy": 0.9055404402671283,
    "eval_combined_score": 0.8888367818906875,
    "eval_f1": 0.8721331235142465,
    "eval_loss": 0.4210783839225769,
    "eval_runtime": 33.7731,
    "eval_samples": 40430,
    "eval_samples_per_second": 1197.107,
    "eval_steps_per_second": 9.357
}