{
    "epoch": 5.0,
    "eval_accuracy": 0.8815236210734603,
    "eval_combined_score": 0.8604142528340999,
    "eval_f1": 0.8393048845947396,
    "eval_loss": 0.3502751290798187,
    "eval_runtime": 30.8898,
    "eval_samples": 40430,
    "eval_samples_per_second": 1308.844,
    "eval_steps_per_second": 10.23
}