{
    "epoch": 5.0,
    "eval_accuracy": 0.8722313747025444,
    "eval_loss": 0.46760988235473633,
    "eval_runtime": 4.1651,
    "eval_samples": 5463,
    "eval_samples_per_second": 1311.626,
    "eval_steps_per_second": 10.324
}