{
    "epoch": 5.0,
    "eval_accuracy": 0.819954128440367,
    "eval_loss": 0.8082619905471802,
    "eval_runtime": 0.6981,
    "eval_samples": 872,
    "eval_samples_per_second": 1249.06,
    "eval_steps_per_second": 10.027
}