{
    "epoch": 5.0,
    "eval_accuracy": 0.9139908256880734,
    "eval_loss": 0.47314730286598206,
    "eval_runtime": 0.6913,
    "eval_samples": 872,
    "eval_samples_per_second": 1261.302,
    "eval_steps_per_second": 10.125
}