{
    "epoch": 5.0,
    "eval_accuracy": 0.49458483754512633,
    "eval_loss": 0.7692769765853882,
    "eval_runtime": 0.2265,
    "eval_samples": 277,
    "eval_samples_per_second": 1223.078,
    "eval_steps_per_second": 13.246
}