{
    "epoch": 5.0,
    "eval_combined_score": 0.8281314718361256,
    "eval_loss": 0.7680432796478271,
    "eval_pearson": 0.8303604862717316,
    "eval_runtime": 1.1711,
    "eval_samples": 1500,
    "eval_samples_per_second": 1280.863,
    "eval_spearmanr": 0.8259024574005195,
    "eval_steps_per_second": 10.247
}