{
    "epoch": 5.0,
    "eval_accuracy": 0.5342960288808665,
    "eval_loss": 0.8088540434837341,
    "eval_runtime": 0.2392,
    "eval_samples": 277,
    "eval_samples_per_second": 1157.786,
    "eval_steps_per_second": 12.539
}