{
    "epoch": 5.0,
    "eval_accuracy": 0.8176605504587156,
    "eval_loss": 0.9407473206520081,
    "eval_runtime": 0.7334,
    "eval_samples": 872,
    "eval_samples_per_second": 1188.987,
    "eval_steps_per_second": 9.545
}