{
    "epoch": 5.0,
    "eval_accuracy": 0.8211009174311926,
    "eval_loss": 0.7793102860450745,
    "eval_runtime": 0.6623,
    "eval_samples": 872,
    "eval_samples_per_second": 1316.723,
    "eval_steps_per_second": 10.57
}