{
    "epoch": 5.0,
    "eval_accuracy": 0.5211267605633803,
    "eval_loss": 0.7028877139091492,
    "eval_runtime": 0.0705,
    "eval_samples": 71,
    "eval_samples_per_second": 1007.496,
    "eval_steps_per_second": 14.19
}