{
    "epoch": 5.0,
    "eval_accuracy": 0.5234657039711191,
    "eval_loss": 0.813322901725769,
    "eval_runtime": 0.2206,
    "eval_samples": 277,
    "eval_samples_per_second": 1255.862,
    "eval_steps_per_second": 13.601
}