{
    "epoch": 5.0,
    "eval_accuracy": 0.5487364620938628,
    "eval_loss": 0.686622142791748,
    "eval_runtime": 0.2262,
    "eval_samples": 277,
    "eval_samples_per_second": 1224.701,
    "eval_steps_per_second": 13.264
}