{
    "epoch": 5.0,
    "eval_accuracy": 0.8563060589419733,
    "eval_loss": 0.5998042821884155,
    "eval_runtime": 2.7582,
    "eval_samples": 5463,
    "eval_samples_per_second": 1980.674,
    "eval_steps_per_second": 15.59
}