{
    "epoch": 5.0,
    "eval_accuracy": 0.8131063518213436,
    "eval_loss": 0.4893064498901367,
    "eval_runtime": 4.4015,
    "eval_samples": 5463,
    "eval_samples_per_second": 1241.176,
    "eval_steps_per_second": 9.769
}