{
    "epoch": 5.0,
    "eval_accuracy": 0.18309859154929578,
    "eval_loss": 0.8256974816322327,
    "eval_runtime": 0.0672,
    "eval_samples": 71,
    "eval_samples_per_second": 1056.354,
    "eval_steps_per_second": 14.878
}