{
    "epoch": 5.0,
    "eval_accuracy": 0.8956422018348624,
    "eval_loss": 0.5584567189216614,
    "eval_runtime": 0.6671,
    "eval_samples": 872,
    "eval_samples_per_second": 1307.136,
    "eval_steps_per_second": 10.493
}