{
    "epoch": 5.0,
    "eval_loss": 0.7339175939559937,
    "eval_matthews_correlation": 0.45541959294569456,
    "eval_runtime": 0.8148,
    "eval_samples": 1043,
    "eval_samples_per_second": 1280.126,
    "eval_steps_per_second": 11.046
}