{
    "epoch": 5.0,
    "eval_accuracy": 0.5270758122743683,
    "eval_loss": 0.8476624488830566,
    "eval_runtime": 0.2356,
    "eval_samples": 277,
    "eval_samples_per_second": 1175.951,
    "eval_steps_per_second": 12.736
}