{
    "epoch": 5.0,
    "eval_accuracy": 0.911697247706422,
    "eval_loss": 0.48998385667800903,
    "eval_runtime": 0.6771,
    "eval_samples": 872,
    "eval_samples_per_second": 1287.917,
    "eval_steps_per_second": 10.339
}