{
    "epoch": 5.0,
    "eval_accuracy": 0.6617647058823529,
    "eval_combined_score": 0.705427807486631,
    "eval_f1": 0.7490909090909091,
    "eval_loss": 0.7095780372619629,
    "eval_runtime": 0.216,
    "eval_samples": 408,
    "eval_samples_per_second": 1889.259,
    "eval_steps_per_second": 18.522
}