{
    "epoch": 5.0,
    "eval_accuracy": 0.8709126885975761,
    "eval_combined_score": 0.8521150265510317,
    "eval_f1": 0.8333173645044872,
    "eval_loss": 0.3116823434829712,
    "eval_runtime": 10.8401,
    "eval_samples": 40430,
    "eval_samples_per_second": 3729.669,
    "eval_steps_per_second": 29.151
}