{
    "epoch": 5.0,
    "eval_combined_score": 0.6468861798743282,
    "eval_loss": 1.5653228759765625,
    "eval_pearson": 0.651848891457768,
    "eval_runtime": 1.1924,
    "eval_samples": 1500,
    "eval_samples_per_second": 1257.994,
    "eval_spearmanr": 0.6419234682908884,
    "eval_steps_per_second": 10.064
}