{
    "epoch": 5.0,
    "eval_combined_score": 0.8461998121511195,
    "eval_loss": 0.6850218772888184,
    "eval_pearson": 0.8478005246256033,
    "eval_runtime": 0.7735,
    "eval_samples": 1500,
    "eval_samples_per_second": 1939.182,
    "eval_spearmanr": 0.8445990996766357,
    "eval_steps_per_second": 15.513
}