{
    "epoch": 5.0,
    "eval_accuracy": 0.38028169014084506,
    "eval_loss": 0.7144656181335449,
    "eval_runtime": 0.0656,
    "eval_samples": 71,
    "eval_samples_per_second": 1081.811,
    "eval_steps_per_second": 15.237
}