{
    "epoch": 5.0,
    "eval_accuracy": 0.7818627450980392,
    "eval_combined_score": 0.8180999486537659,
    "eval_f1": 0.8543371522094927,
    "eval_loss": 0.49267444014549255,
    "eval_runtime": 0.1294,
    "eval_samples": 408,
    "eval_samples_per_second": 3152.404,
    "eval_steps_per_second": 30.906
}