{
    "epoch": 5.0,
    "eval_accuracy": 0.904575810042048,
    "eval_combined_score": 0.8880991655028555,
    "eval_f1": 0.871622520963663,
    "eval_loss": 0.46540117263793945,
    "eval_runtime": 32.217,
    "eval_samples": 40430,
    "eval_samples_per_second": 1254.927,
    "eval_steps_per_second": 9.808
}