{
    "epoch": 5.0,
    "eval_accuracy": 0.75,
    "eval_combined_score": 0.790282392026578,
    "eval_f1": 0.8305647840531561,
    "eval_loss": 0.5695067644119263,
    "eval_runtime": 0.2139,
    "eval_samples": 408,
    "eval_samples_per_second": 1907.186,
    "eval_steps_per_second": 18.698
}