{
    "epoch": 5.0,
    "eval_accuracy": 0.8848132574820677,
    "eval_combined_score": 0.8660298123930823,
    "eval_f1": 0.8472463673040969,
    "eval_loss": 0.3068408966064453,
    "eval_runtime": 16.2315,
    "eval_samples": 40430,
    "eval_samples_per_second": 2490.835,
    "eval_steps_per_second": 19.468
}