{
    "epoch": 5.0,
    "eval_combined_score": 0.2643029465233825,
    "eval_loss": 2.519108295440674,
    "eval_pearson": 0.2689185883961078,
    "eval_runtime": 1.2272,
    "eval_samples": 1500,
    "eval_samples_per_second": 1222.303,
    "eval_spearmanr": 0.2596873046506571,
    "eval_steps_per_second": 9.778
}