{
    "epoch": 5.0,
    "eval_accuracy": 0.5379061371841155,
    "eval_loss": 0.7896496057510376,
    "eval_runtime": 0.2322,
    "eval_samples": 277,
    "eval_samples_per_second": 1192.991,
    "eval_steps_per_second": 12.92
}