{
    "epoch": 5.0,
    "eval_accuracy": 0.7328431372549019,
    "eval_combined_score": 0.7778036824485892,
    "eval_f1": 0.8227642276422764,
    "eval_loss": 0.5634223818778992,
    "eval_runtime": 0.1182,
    "eval_samples": 408,
    "eval_samples_per_second": 3450.814,
    "eval_steps_per_second": 33.832
}