{
    "epoch": 5.0,
    "eval_accuracy": 0.49097472924187724,
    "eval_loss": 0.866596519947052,
    "eval_runtime": 0.2252,
    "eval_samples": 277,
    "eval_samples_per_second": 1230.202,
    "eval_steps_per_second": 13.323
}