{
    "epoch": 5.0,
    "eval_accuracy": 0.6666666666666666,
    "eval_combined_score": 0.7127659574468085,
    "eval_f1": 0.7588652482269503,
    "eval_loss": 0.7114017009735107,
    "eval_runtime": 0.217,
    "eval_samples": 408,
    "eval_samples_per_second": 1880.283,
    "eval_steps_per_second": 18.434
}