{
    "epoch": 5.0,
    "eval_loss": 0.6856783032417297,
    "eval_matthews_correlation": 0.08680354080858402,
    "eval_runtime": 0.857,
    "eval_samples": 1043,
    "eval_samples_per_second": 1217.048,
    "eval_steps_per_second": 10.502
}