{
    "epoch": 5.0,
    "eval_combined_score": 0.8183412278561103,
    "eval_loss": 0.8259096741676331,
    "eval_pearson": 0.8188709097365251,
    "eval_runtime": 1.1426,
    "eval_samples": 1500,
    "eval_samples_per_second": 1312.838,
    "eval_spearmanr": 0.8178115459756955,
    "eval_steps_per_second": 10.503
}