{
    "epoch": 5.0,
    "eval_accuracy": 0.8850605985654217,
    "eval_combined_score": 0.8654732900299003,
    "eval_f1": 0.8458859814943787,
    "eval_loss": 0.3079606294631958,
    "eval_runtime": 16.4426,
    "eval_samples": 40430,
    "eval_samples_per_second": 2458.862,
    "eval_steps_per_second": 19.218
}