{
    "epoch": 5.0,
    "eval_combined_score": 0.6398233602909442,
    "eval_loss": 1.631518840789795,
    "eval_pearson": 0.6437998511948578,
    "eval_runtime": 1.1847,
    "eval_samples": 1500,
    "eval_samples_per_second": 1266.149,
    "eval_spearmanr": 0.6358468693870307,
    "eval_steps_per_second": 10.129
}