{
    "epoch": 5.0,
    "eval_combined_score": 0.15374948066958516,
    "eval_loss": 2.7226240634918213,
    "eval_pearson": 0.15533131300801176,
    "eval_runtime": 1.1247,
    "eval_samples": 1500,
    "eval_samples_per_second": 1333.741,
    "eval_spearmanr": 0.1521676483311586,
    "eval_steps_per_second": 10.67
}