{
    "epoch": 5.0,
    "eval_accuracy": 0.5740072202166066,
    "eval_loss": 0.6812726259231567,
    "eval_runtime": 0.2045,
    "eval_samples": 277,
    "eval_samples_per_second": 1354.304,
    "eval_steps_per_second": 14.668
}