{
    "epoch": 5.0,
    "eval_accuracy": 0.9052436309671036,
    "eval_combined_score": 0.8886972368084308,
    "eval_f1": 0.8721508426497581,
    "eval_loss": 0.40677782893180847,
    "eval_runtime": 29.0397,
    "eval_samples": 40430,
    "eval_samples_per_second": 1392.232,
    "eval_steps_per_second": 10.882
}