{
    "epoch": 5.0,
    "eval_combined_score": 0.8436917328106477,
    "eval_loss": 0.6886206865310669,
    "eval_pearson": 0.8449704559796394,
    "eval_runtime": 0.7776,
    "eval_samples": 1500,
    "eval_samples_per_second": 1929.042,
    "eval_spearmanr": 0.8424130096416559,
    "eval_steps_per_second": 15.432
}