{
    "epoch": 5.0,
    "eval_accuracy": 0.8879736408566722,
    "eval_loss": 0.5496350526809692,
    "eval_runtime": 4.5532,
    "eval_samples": 5463,
    "eval_samples_per_second": 1199.812,
    "eval_steps_per_second": 9.444
}