{
    "epoch": 5.0,
    "eval_combined_score": 0.6983745781658965,
    "eval_loss": 1.3810263872146606,
    "eval_pearson": 0.6998961409055228,
    "eval_runtime": 0.7711,
    "eval_samples": 1500,
    "eval_samples_per_second": 1945.352,
    "eval_spearmanr": 0.6968530154262703,
    "eval_steps_per_second": 15.563
}