{
    "epoch": 5.0,
    "eval_accuracy": 0.8800395745733366,
    "eval_combined_score": 0.861520499445156,
    "eval_f1": 0.8430014243169752,
    "eval_loss": 0.3065670132637024,
    "eval_runtime": 11.5943,
    "eval_samples": 40430,
    "eval_samples_per_second": 3487.051,
    "eval_steps_per_second": 27.255
}