{
    "epoch": 5.0,
    "eval_combined_score": 0.8655773977129007,
    "eval_loss": 0.5821186304092407,
    "eval_pearson": 0.8668470422129197,
    "eval_runtime": 1.2305,
    "eval_samples": 1500,
    "eval_samples_per_second": 1219.031,
    "eval_spearmanr": 0.8643077532128814,
    "eval_steps_per_second": 9.752
}