{
    "epoch": 5.0,
    "eval_accuracy": 0.5070422535211268,
    "eval_loss": 0.7026780247688293,
    "eval_runtime": 0.0303,
    "eval_samples": 71,
    "eval_samples_per_second": 2343.795,
    "eval_steps_per_second": 33.011
}