{
    "epoch": 5.0,
    "eval_accuracy": 0.8211009174311926,
    "eval_loss": 0.8118395209312439,
    "eval_runtime": 0.7036,
    "eval_samples": 872,
    "eval_samples_per_second": 1239.405,
    "eval_steps_per_second": 9.949
}