{
    "epoch": 5.0,
    "eval_accuracy": 0.8480392156862745,
    "eval_combined_score": 0.8709374160623153,
    "eval_f1": 0.8938356164383562,
    "eval_loss": 0.5478379726409912,
    "eval_runtime": 0.3737,
    "eval_samples": 408,
    "eval_samples_per_second": 1091.91,
    "eval_steps_per_second": 10.705
}