{
    "epoch": 5.0,
    "eval_accuracy": 0.8085301116602599,
    "eval_loss": 0.4979701340198517,
    "eval_runtime": 4.3798,
    "eval_samples": 5463,
    "eval_samples_per_second": 1247.325,
    "eval_steps_per_second": 9.818
}