{
    "epoch": 5.0,
    "eval_combined_score": 0.6861514965777926,
    "eval_loss": 1.4352836608886719,
    "eval_pearson": 0.687369163937228,
    "eval_runtime": 1.2259,
    "eval_samples": 1500,
    "eval_samples_per_second": 1223.618,
    "eval_spearmanr": 0.6849338292183572,
    "eval_steps_per_second": 9.789
}