{
    "epoch": 5.0,
    "eval_accuracy": 0.9073212960672767,
    "eval_combined_score": 0.8908357930656627,
    "eval_f1": 0.8743502900640489,
    "eval_loss": 0.4066060781478882,
    "eval_runtime": 32.9426,
    "eval_samples": 40430,
    "eval_samples_per_second": 1227.284,
    "eval_steps_per_second": 9.592
}