{
    "epoch": 5.0,
    "eval_loss": 0.7104893922805786,
    "eval_matthews_correlation": 0.17719510545719055,
    "eval_runtime": 0.5422,
    "eval_samples": 1043,
    "eval_samples_per_second": 1923.717,
    "eval_steps_per_second": 16.6
}