{
    "epoch": 5.0,
    "eval_accuracy": 0.5740072202166066,
    "eval_loss": 0.6930984258651733,
    "eval_runtime": 0.102,
    "eval_samples": 277,
    "eval_samples_per_second": 2716.734,
    "eval_steps_per_second": 29.423
}