{
    "epoch": 5.0,
    "eval_combined_score": 0.8382467859325087,
    "eval_loss": 0.7271988987922668,
    "eval_pearson": 0.8384367691848584,
    "eval_runtime": 0.4823,
    "eval_samples": 1500,
    "eval_samples_per_second": 3110.282,
    "eval_spearmanr": 0.838056802680159,
    "eval_steps_per_second": 24.882
}