{
    "epoch": 5.0,
    "eval_accuracy": 0.818597840014644,
    "eval_loss": 0.43070027232170105,
    "eval_runtime": 1.7163,
    "eval_samples": 5463,
    "eval_samples_per_second": 3183.034,
    "eval_steps_per_second": 25.054
}