{
    "epoch": 5.0,
    "eval_combined_score": 0.8623149692302439,
    "eval_loss": 0.6092700958251953,
    "eval_pearson": 0.8627666818132665,
    "eval_runtime": 1.1953,
    "eval_samples": 1500,
    "eval_samples_per_second": 1254.928,
    "eval_spearmanr": 0.8618632566472212,
    "eval_steps_per_second": 10.039
}