{
    "epoch": 5.0,
    "eval_accuracy": 0.8259803921568627,
    "eval_combined_score": 0.8501583376713517,
    "eval_f1": 0.8743362831858407,
    "eval_loss": 0.5248832702636719,
    "eval_runtime": 0.4132,
    "eval_samples": 408,
    "eval_samples_per_second": 987.31,
    "eval_steps_per_second": 9.68
}