{
    "epoch": 5.0,
    "eval_accuracy": 0.8910550458715596,
    "eval_loss": 0.5970499515533447,
    "eval_runtime": 0.4464,
    "eval_samples": 872,
    "eval_samples_per_second": 1953.555,
    "eval_steps_per_second": 15.682
}