{
    "epoch": 5.0,
    "eval_accuracy": 0.893348623853211,
    "eval_loss": 0.5579563975334167,
    "eval_runtime": 0.7083,
    "eval_samples": 872,
    "eval_samples_per_second": 1231.104,
    "eval_steps_per_second": 9.883
}