{
    "epoch": 5.0,
    "eval_accuracy": 0.8949542418995795,
    "eval_combined_score": 0.8757105860888617,
    "eval_f1": 0.8564669302781439,
    "eval_loss": 0.382768452167511,
    "eval_runtime": 30.6833,
    "eval_samples": 40430,
    "eval_samples_per_second": 1317.657,
    "eval_steps_per_second": 10.299
}