{
    "epoch": 5.0,
    "eval_accuracy": 0.8864678899082569,
    "eval_loss": 0.4650965631008148,
    "eval_runtime": 0.2755,
    "eval_samples": 872,
    "eval_samples_per_second": 3165.307,
    "eval_steps_per_second": 25.41
}