{
    "epoch": 5.0,
    "eval_accuracy": 0.8304960644334615,
    "eval_loss": 0.4163399934768677,
    "eval_runtime": 1.4489,
    "eval_samples": 5463,
    "eval_samples_per_second": 3770.452,
    "eval_steps_per_second": 29.678
}