{
    "epoch": 5.0,
    "eval_accuracy": 0.6838235294117647,
    "eval_combined_score": 0.7308962741723195,
    "eval_f1": 0.7779690189328744,
    "eval_loss": 0.653800368309021,
    "eval_runtime": 0.3315,
    "eval_samples": 408,
    "eval_samples_per_second": 1230.598,
    "eval_steps_per_second": 12.065
}