{
    "epoch": 5.0,
    "eval_accuracy": 0.7892156862745098,
    "eval_combined_score": 0.8224601921305434,
    "eval_f1": 0.8557046979865772,
    "eval_loss": 0.503268301486969,
    "eval_runtime": 0.3409,
    "eval_samples": 408,
    "eval_samples_per_second": 1196.72,
    "eval_steps_per_second": 11.733
}