{
    "epoch": 5.0,
    "eval_accuracy": 0.2112676056338028,
    "eval_loss": 0.7992820143699646,
    "eval_runtime": 0.0718,
    "eval_samples": 71,
    "eval_samples_per_second": 988.904,
    "eval_steps_per_second": 13.928
}