{
    "epoch": 5.0,
    "eval_accuracy": 0.8823529411764706,
    "eval_combined_score": 0.8981657179000633,
    "eval_f1": 0.9139784946236559,
    "eval_loss": 0.3886702358722687,
    "eval_runtime": 0.3522,
    "eval_samples": 408,
    "eval_samples_per_second": 1158.273,
    "eval_steps_per_second": 11.356
}