{
    "epoch": 5.0,
    "eval_loss": 0.6539014577865601,
    "eval_matthews_correlation": 0.10938806518761544,
    "eval_runtime": 0.8585,
    "eval_samples": 1043,
    "eval_samples_per_second": 1214.948,
    "eval_steps_per_second": 10.484
}