{
    "epoch": 5.0,
    "eval_accuracy": 0.7377450980392157,
    "eval_combined_score": 0.7764718581733212,
    "eval_f1": 0.8151986183074266,
    "eval_loss": 0.5598728060722351,
    "eval_runtime": 0.3276,
    "eval_samples": 408,
    "eval_samples_per_second": 1245.477,
    "eval_steps_per_second": 12.211
}