{
    "epoch": 5.0,
    "eval_accuracy": 0.323943661971831,
    "eval_loss": 0.7183235883712769,
    "eval_runtime": 0.0681,
    "eval_samples": 71,
    "eval_samples_per_second": 1042.107,
    "eval_steps_per_second": 14.678
}