{
    "epoch": 5.0,
    "eval_loss": 0.6662482023239136,
    "eval_matthews_correlation": 0.2934770093402819,
    "eval_runtime": 1.27,
    "eval_samples": 1043,
    "eval_samples_per_second": 821.236,
    "eval_steps_per_second": 7.086
}