{
    "epoch": 5.0,
    "eval_accuracy": 0.803921568627451,
    "eval_combined_score": 0.8327566320645905,
    "eval_f1": 0.8615916955017301,
    "eval_loss": 0.4292125403881073,
    "eval_runtime": 0.1406,
    "eval_samples": 408,
    "eval_samples_per_second": 2900.989,
    "eval_steps_per_second": 28.441
}