{
    "epoch": 5.0,
    "eval_accuracy": 0.7874794069192751,
    "eval_loss": 0.536666214466095,
    "eval_runtime": 3.9888,
    "eval_samples": 5463,
    "eval_samples_per_second": 1369.576,
    "eval_steps_per_second": 10.78
}