{
    "epoch": 5.0,
    "eval_accuracy": 0.4084507042253521,
    "eval_loss": 0.7142041325569153,
    "eval_runtime": 0.0677,
    "eval_samples": 71,
    "eval_samples_per_second": 1048.428,
    "eval_steps_per_second": 14.767
}