{
    "epoch": 5.0,
    "eval_accuracy": 0.9033885728419491,
    "eval_combined_score": 0.8864114946038867,
    "eval_f1": 0.8694344163658243,
    "eval_loss": 0.4556709825992584,
    "eval_runtime": 46.565,
    "eval_samples": 40430,
    "eval_samples_per_second": 868.248,
    "eval_steps_per_second": 6.786
}