{
    "epoch": 5.0,
    "eval_accuracy": 0.22535211267605634,
    "eval_loss": 0.8174585700035095,
    "eval_runtime": 0.0695,
    "eval_samples": 71,
    "eval_samples_per_second": 1022.071,
    "eval_steps_per_second": 14.395
}