{
    "epoch": 5.0,
    "eval_accuracy": 0.7107843137254902,
    "eval_combined_score": 0.7563988682721411,
    "eval_f1": 0.802013422818792,
    "eval_loss": 0.6777622103691101,
    "eval_runtime": 0.3383,
    "eval_samples": 408,
    "eval_samples_per_second": 1206.184,
    "eval_steps_per_second": 11.825
}