{
    "epoch": 5.0,
    "eval_accuracy": 0.4507042253521127,
    "eval_loss": 0.7113500237464905,
    "eval_runtime": 0.0633,
    "eval_samples": 71,
    "eval_samples_per_second": 1121.911,
    "eval_steps_per_second": 15.802
}