{
    "epoch": 5.0,
    "eval_accuracy": 0.7205882352941176,
    "eval_combined_score": 0.7581435800126501,
    "eval_f1": 0.7956989247311828,
    "eval_loss": 0.5865181684494019,
    "eval_runtime": 0.3363,
    "eval_samples": 408,
    "eval_samples_per_second": 1213.365,
    "eval_steps_per_second": 11.896
}