{
    "epoch": 5.0,
    "eval_accuracy": 0.9128440366972477,
    "eval_loss": 0.47108444571495056,
    "eval_runtime": 0.691,
    "eval_samples": 872,
    "eval_samples_per_second": 1262.022,
    "eval_steps_per_second": 10.131
}