{
    "epoch": 5.0,
    "eval_accuracy": 0.28169014084507044,
    "eval_loss": 0.7319679856300354,
    "eval_runtime": 0.0606,
    "eval_samples": 71,
    "eval_samples_per_second": 1171.533,
    "eval_steps_per_second": 16.5
}