{
    "epoch": 5.0,
    "eval_accuracy": 0.5342960288808665,
    "eval_loss": 0.8268498778343201,
    "eval_runtime": 0.1551,
    "eval_samples": 277,
    "eval_samples_per_second": 1786.207,
    "eval_steps_per_second": 19.345
}