{
    "epoch": 5.0,
    "eval_accuracy": 0.821078431372549,
    "eval_combined_score": 0.8472809834505726,
    "eval_f1": 0.8734835355285961,
    "eval_loss": 0.5988050699234009,
    "eval_runtime": 0.3053,
    "eval_samples": 408,
    "eval_samples_per_second": 1336.282,
    "eval_steps_per_second": 13.101
}