{
    "epoch": 5.0,
    "eval_combined_score": 0.8534505687269729,
    "eval_loss": 0.6307726502418518,
    "eval_pearson": 0.8544780086069397,
    "eval_runtime": 0.7568,
    "eval_samples": 1500,
    "eval_samples_per_second": 1981.936,
    "eval_spearmanr": 0.8524231288470062,
    "eval_steps_per_second": 15.855
}