{
    "epoch": 5.0,
    "eval_loss": 0.7560787796974182,
    "eval_matthews_correlation": 0.3415763156856378,
    "eval_runtime": 0.5326,
    "eval_samples": 1043,
    "eval_samples_per_second": 1958.473,
    "eval_steps_per_second": 16.9
}