{
    "epoch": 5.0,
    "eval_accuracy": 0.5487364620938628,
    "eval_loss": 0.8406851887702942,
    "eval_runtime": 0.2308,
    "eval_samples": 277,
    "eval_samples_per_second": 1200.151,
    "eval_steps_per_second": 12.998
}