{
    "epoch": 5.0,
    "eval_accuracy": 0.8513637195680029,
    "eval_loss": 0.5656585693359375,
    "eval_runtime": 2.7268,
    "eval_samples": 5463,
    "eval_samples_per_second": 2003.467,
    "eval_steps_per_second": 15.77
}