{
    "epoch": 5.0,
    "eval_accuracy": 0.8431372549019608,
    "eval_combined_score": 0.8656245715069244,
    "eval_f1": 0.8881118881118881,
    "eval_loss": 0.5111940503120422,
    "eval_runtime": 0.3341,
    "eval_samples": 408,
    "eval_samples_per_second": 1221.16,
    "eval_steps_per_second": 11.972
}