{
    "epoch": 5.0,
    "eval_loss": 0.6971094608306885,
    "eval_matthews_correlation": 0.12604740398493144,
    "eval_runtime": 0.8649,
    "eval_samples": 1043,
    "eval_samples_per_second": 1205.937,
    "eval_steps_per_second": 10.406
}