{
    "epoch": 5.0,
    "eval_loss": 0.6741030812263489,
    "eval_matthews_correlation": 0.20235624659590276,
    "eval_runtime": 1.2746,
    "eval_samples": 1043,
    "eval_samples_per_second": 818.322,
    "eval_steps_per_second": 7.061
}