{
    "epoch": 5.0,
    "eval_combined_score": 0.8220617861128212,
    "eval_loss": 0.8068509697914124,
    "eval_pearson": 0.8217025185352321,
    "eval_runtime": 0.4502,
    "eval_samples": 1500,
    "eval_samples_per_second": 3332.178,
    "eval_spearmanr": 0.8224210536904102,
    "eval_steps_per_second": 26.657
}