{
    "epoch": 5.0,
    "eval_combined_score": 0.8249319650585933,
    "eval_loss": 0.7896057367324829,
    "eval_pearson": 0.8271241918472853,
    "eval_runtime": 1.0855,
    "eval_samples": 1500,
    "eval_samples_per_second": 1381.885,
    "eval_spearmanr": 0.8227397382699015,
    "eval_steps_per_second": 11.055
}