{
    "epoch": 5.0,
    "eval_combined_score": 0.8437630840468792,
    "eval_loss": 0.7226513624191284,
    "eval_pearson": 0.8446620777566315,
    "eval_runtime": 1.2685,
    "eval_samples": 1500,
    "eval_samples_per_second": 1182.503,
    "eval_spearmanr": 0.8428640903371268,
    "eval_steps_per_second": 9.46
}