{
    "epoch": 5.0,
    "eval_accuracy": 0.7990196078431373,
    "eval_combined_score": 0.8262955182072829,
    "eval_f1": 0.8535714285714285,
    "eval_loss": 0.5847310423851013,
    "eval_runtime": 0.3474,
    "eval_samples": 408,
    "eval_samples_per_second": 1174.483,
    "eval_steps_per_second": 11.515
}