{
    "epoch": 5.0,
    "eval_accuracy": 0.6666666666666666,
    "eval_combined_score": 0.7114695340501792,
    "eval_f1": 0.7562724014336918,
    "eval_loss": 0.688277542591095,
    "eval_runtime": 0.3465,
    "eval_samples": 408,
    "eval_samples_per_second": 1177.469,
    "eval_steps_per_second": 11.544
}