{
    "epoch": 5.0,
    "eval_combined_score": 0.8445384417766886,
    "eval_loss": 0.6898224949836731,
    "eval_pearson": 0.8465102825924827,
    "eval_runtime": 0.7581,
    "eval_samples": 1500,
    "eval_samples_per_second": 1978.563,
    "eval_spearmanr": 0.8425666009608945,
    "eval_steps_per_second": 15.829
}