{
    "epoch": 5.0,
    "eval_accuracy": 0.8883397400695588,
    "eval_loss": 0.5336098670959473,
    "eval_runtime": 4.6908,
    "eval_samples": 5463,
    "eval_samples_per_second": 1164.63,
    "eval_steps_per_second": 9.167
}