{
    "epoch": 5.0,
    "eval_accuracy": 0.6028880866425993,
    "eval_loss": 0.815503716468811,
    "eval_runtime": 0.1519,
    "eval_samples": 277,
    "eval_samples_per_second": 1824.152,
    "eval_steps_per_second": 19.756
}