{
    "epoch": 5.0,
    "eval_accuracy": 0.8935938659411328,
    "eval_combined_score": 0.8761333324449422,
    "eval_f1": 0.8586727989487516,
    "eval_loss": 0.3930375277996063,
    "eval_runtime": 20.3272,
    "eval_samples": 40430,
    "eval_samples_per_second": 1988.965,
    "eval_steps_per_second": 15.546
}