{
    "epoch": 5.0,
    "eval_combined_score": 0.8465250523608465,
    "eval_loss": 0.6533429026603699,
    "eval_pearson": 0.8472405821904144,
    "eval_runtime": 0.3999,
    "eval_samples": 1500,
    "eval_samples_per_second": 3750.732,
    "eval_spearmanr": 0.8458095225312787,
    "eval_steps_per_second": 30.006
}