{
    "epoch": 5.0,
    "eval_accuracy": 0.8761068513480089,
    "eval_combined_score": 0.8569832803336361,
    "eval_f1": 0.8378597093192632,
    "eval_loss": 0.4011722207069397,
    "eval_runtime": 31.5859,
    "eval_samples": 40430,
    "eval_samples_per_second": 1280.0,
    "eval_steps_per_second": 10.004
}