{
    "epoch": 5.0,
    "eval_combined_score": 0.8491932941404154,
    "eval_loss": 0.6689327955245972,
    "eval_pearson": 0.8505100829959269,
    "eval_runtime": 0.7681,
    "eval_samples": 1500,
    "eval_samples_per_second": 1952.942,
    "eval_spearmanr": 0.847876505284904,
    "eval_steps_per_second": 15.624
}