{
    "epoch": 5.0,
    "eval_accuracy": 0.8464213801940326,
    "eval_loss": 0.5893588066101074,
    "eval_runtime": 4.4025,
    "eval_samples": 5463,
    "eval_samples_per_second": 1240.878,
    "eval_steps_per_second": 9.767
}