{
    "epoch": 5.0,
    "eval_accuracy": 0.5956678700361011,
    "eval_loss": 0.6731054186820984,
    "eval_runtime": 0.0809,
    "eval_samples": 277,
    "eval_samples_per_second": 3424.547,
    "eval_steps_per_second": 37.089
}