{
    "epoch": 5.0,
    "eval_accuracy": 0.9036697247706422,
    "eval_loss": 0.5491527318954468,
    "eval_runtime": 0.4482,
    "eval_samples": 872,
    "eval_samples_per_second": 1945.709,
    "eval_steps_per_second": 15.619
}