{
    "epoch": 5.0,
    "eval_accuracy": 0.7230392156862745,
    "eval_combined_score": 0.7739227086183311,
    "eval_f1": 0.8248062015503876,
    "eval_loss": 0.5745330452919006,
    "eval_runtime": 0.2254,
    "eval_samples": 408,
    "eval_samples_per_second": 1810.209,
    "eval_steps_per_second": 17.747
}