{
    "epoch": 5.0,
    "eval_accuracy": 0.7475490196078431,
    "eval_combined_score": 0.7863381770365192,
    "eval_f1": 0.8251273344651953,
    "eval_loss": 0.5637640953063965,
    "eval_runtime": 0.5127,
    "eval_samples": 408,
    "eval_samples_per_second": 795.774,
    "eval_steps_per_second": 7.802
}