{
    "epoch": 5.0,
    "eval_accuracy": 0.8958941380163246,
    "eval_combined_score": 0.8766008304076267,
    "eval_f1": 0.8573075227989287,
    "eval_loss": 0.37671512365341187,
    "eval_runtime": 46.2335,
    "eval_samples": 40430,
    "eval_samples_per_second": 874.474,
    "eval_steps_per_second": 6.835
}