{
    "epoch": 5.0,
    "eval_loss": 0.6611514091491699,
    "eval_matthews_correlation": 0.09673744644490058,
    "eval_runtime": 0.852,
    "eval_samples": 1043,
    "eval_samples_per_second": 1224.214,
    "eval_steps_per_second": 10.564
}