{
    "epoch": 5.0,
    "eval_combined_score": 0.7772227709245404,
    "eval_loss": 1.0768249034881592,
    "eval_pearson": 0.7736073223562951,
    "eval_runtime": 0.3885,
    "eval_samples": 1500,
    "eval_samples_per_second": 3861.07,
    "eval_spearmanr": 0.7808382194927856,
    "eval_steps_per_second": 30.889
}