{
    "epoch": 5.0,
    "eval_accuracy": 0.9065050704922087,
    "eval_combined_score": 0.889995289111825,
    "eval_f1": 0.8734855077314412,
    "eval_loss": 0.4106220304965973,
    "eval_runtime": 28.6316,
    "eval_samples": 40430,
    "eval_samples_per_second": 1412.078,
    "eval_steps_per_second": 11.037
}