{
    "epoch": 5.0,
    "eval_accuracy": 0.7696078431372549,
    "eval_combined_score": 0.8054120296767355,
    "eval_f1": 0.8412162162162162,
    "eval_loss": 0.5885050296783447,
    "eval_runtime": 0.4503,
    "eval_samples": 408,
    "eval_samples_per_second": 906.102,
    "eval_steps_per_second": 8.883
}