{
    "epoch": 5.0,
    "eval_loss": 0.6828415393829346,
    "eval_matthews_correlation": 0.13533056967574797,
    "eval_runtime": 0.78,
    "eval_samples": 1043,
    "eval_samples_per_second": 1337.151,
    "eval_steps_per_second": 11.538
}