{
    "epoch": 5.0,
    "eval_accuracy": 0.8015742266154128,
    "eval_loss": 0.520261824131012,
    "eval_runtime": 2.7716,
    "eval_samples": 5463,
    "eval_samples_per_second": 1971.051,
    "eval_steps_per_second": 15.514
}