{
    "epoch": 5.0,
    "eval_accuracy": 0.9046252782587187,
    "eval_combined_score": 0.8886570659650699,
    "eval_f1": 0.872688853671421,
    "eval_loss": 0.4540330469608307,
    "eval_runtime": 34.0961,
    "eval_samples": 40430,
    "eval_samples_per_second": 1185.764,
    "eval_steps_per_second": 9.268
}