{
    "epoch": 5.0,
    "eval_accuracy": 0.8824882512985407,
    "eval_combined_score": 0.8640799223034851,
    "eval_f1": 0.8456715933084294,
    "eval_loss": 0.372158944606781,
    "eval_runtime": 32.4711,
    "eval_samples": 40430,
    "eval_samples_per_second": 1245.106,
    "eval_steps_per_second": 9.732
}