{
    "epoch": 5.0,
    "eval_accuracy": 0.6985294117647058,
    "eval_combined_score": 0.7426789173208278,
    "eval_f1": 0.7868284228769498,
    "eval_loss": 0.6389066576957703,
    "eval_runtime": 0.3372,
    "eval_samples": 408,
    "eval_samples_per_second": 1210.098,
    "eval_steps_per_second": 11.864
}