{
    "epoch": 5.0,
    "eval_accuracy": 0.803921568627451,
    "eval_combined_score": 0.8337013986481965,
    "eval_f1": 0.863481228668942,
    "eval_loss": 0.6231898665428162,
    "eval_runtime": 0.3461,
    "eval_samples": 408,
    "eval_samples_per_second": 1178.939,
    "eval_steps_per_second": 11.558
}