{
    "epoch": 5.0,
    "eval_accuracy": 0.6740196078431373,
    "eval_combined_score": 0.7221566087574927,
    "eval_f1": 0.770293609671848,
    "eval_loss": 0.6006532907485962,
    "eval_runtime": 0.5282,
    "eval_samples": 408,
    "eval_samples_per_second": 772.402,
    "eval_steps_per_second": 7.573
}