{
    "epoch": 5.0,
    "eval_combined_score": 0.868060290897164,
    "eval_loss": 0.5755155682563782,
    "eval_pearson": 0.8696471775555521,
    "eval_runtime": 1.1867,
    "eval_samples": 1500,
    "eval_samples_per_second": 1264.01,
    "eval_spearmanr": 0.866473404238776,
    "eval_steps_per_second": 10.112
}