{
    "epoch": 5.0,
    "eval_accuracy": 0.905392035617116,
    "eval_combined_score": 0.8885418465294999,
    "eval_f1": 0.8716916574418838,
    "eval_loss": 0.4090951979160309,
    "eval_runtime": 34.6969,
    "eval_samples": 40430,
    "eval_samples_per_second": 1165.235,
    "eval_steps_per_second": 9.107
}