{
    "epoch": 5.0,
    "eval_accuracy": 0.6691176470588235,
    "eval_combined_score": 0.7138074818478375,
    "eval_f1": 0.7584973166368515,
    "eval_loss": 0.7106822729110718,
    "eval_runtime": 0.3449,
    "eval_samples": 408,
    "eval_samples_per_second": 1182.858,
    "eval_steps_per_second": 11.597
}