{
    "epoch": 5.0,
    "eval_accuracy": 0.7009803921568627,
    "eval_combined_score": 0.7569319138698424,
    "eval_f1": 0.8128834355828221,
    "eval_loss": 0.5865006446838379,
    "eval_runtime": 0.1309,
    "eval_samples": 408,
    "eval_samples_per_second": 3116.675,
    "eval_steps_per_second": 30.556
}