{
    "epoch": 5.0,
    "eval_accuracy": 0.8712342320059362,
    "eval_combined_score": 0.8516331191003418,
    "eval_f1": 0.8320320061947474,
    "eval_loss": 0.37854766845703125,
    "eval_runtime": 32.6582,
    "eval_samples": 40430,
    "eval_samples_per_second": 1237.974,
    "eval_steps_per_second": 9.676
}