{
    "epoch": 5.0,
    "eval_accuracy": 0.8256880733944955,
    "eval_loss": 0.8781918883323669,
    "eval_runtime": 0.7136,
    "eval_samples": 872,
    "eval_samples_per_second": 1222.007,
    "eval_steps_per_second": 9.81
}