{
    "epoch": 5.0,
    "eval_accuracy": 0.5487364620938628,
    "eval_loss": 0.8158171772956848,
    "eval_runtime": 0.2298,
    "eval_samples": 277,
    "eval_samples_per_second": 1205.214,
    "eval_steps_per_second": 13.053
}