{
    "epoch": 5.0,
    "eval_accuracy": 0.5379061371841155,
    "eval_loss": 0.7379560470581055,
    "eval_runtime": 0.2455,
    "eval_samples": 277,
    "eval_samples_per_second": 1128.478,
    "eval_steps_per_second": 12.222
}