{
    "epoch": 5.0,
    "epoch_mm": 5.0,
    "eval_accuracy": 0.7793173713703515,
    "eval_accuracy_mm": 0.7792921074043938,
    "eval_loss": 0.7009900808334351,
    "eval_loss_mm": 0.6843081116676331,
    "eval_runtime": 4.8412,
    "eval_runtime_mm": 4.9115,
    "eval_samples": 9815,
    "eval_samples_mm": 9832,
    "eval_samples_per_second": 2027.408,
    "eval_samples_per_second_mm": 2001.822,
    "eval_steps_per_second": 15.905,
    "eval_steps_per_second_mm": 15.677
}