{
    "epoch": 5.0,
    "eval_accuracy": 0.18309859154929578,
    "eval_loss": 0.7671446204185486,
    "eval_runtime": 0.0693,
    "eval_samples": 71,
    "eval_samples_per_second": 1024.306,
    "eval_steps_per_second": 14.427
}