{
    "epoch": 5.0,
    "eval_accuracy": 0.8092623100860333,
    "eval_loss": 0.5052145719528198,
    "eval_runtime": 4.4031,
    "eval_samples": 5463,
    "eval_samples_per_second": 1240.718,
    "eval_steps_per_second": 9.766
}