{
    "epoch": 5.0,
    "eval_accuracy": 0.5306859205776173,
    "eval_loss": 0.8127683997154236,
    "eval_runtime": 0.2396,
    "eval_samples": 277,
    "eval_samples_per_second": 1156.144,
    "eval_steps_per_second": 12.521
}