{
    "epoch": 5.0,
    "eval_accuracy": 0.2676056338028169,
    "eval_loss": 0.7306132316589355,
    "eval_runtime": 0.0684,
    "eval_samples": 71,
    "eval_samples_per_second": 1037.702,
    "eval_steps_per_second": 14.616
}