{
    "epoch": 5.0,
    "eval_accuracy": 0.8014705882352942,
    "eval_combined_score": 0.8303005115089515,
    "eval_f1": 0.8591304347826086,
    "eval_loss": 0.43859604001045227,
    "eval_runtime": 0.1826,
    "eval_samples": 408,
    "eval_samples_per_second": 2234.313,
    "eval_steps_per_second": 21.905
}