{
    "epoch": 5.0,
    "eval_accuracy": 0.4225352112676056,
    "eval_loss": 0.7037438154220581,
    "eval_runtime": 0.0248,
    "eval_samples": 71,
    "eval_samples_per_second": 2861.053,
    "eval_steps_per_second": 40.297
}