{
    "epoch": 5.0,
    "eval_accuracy": 0.39436619718309857,
    "eval_loss": 0.7193896174430847,
    "eval_runtime": 0.0647,
    "eval_samples": 71,
    "eval_samples_per_second": 1098.204,
    "eval_steps_per_second": 15.468
}