{
    "epoch": 5.0,
    "eval_accuracy": 0.8692060351224339,
    "eval_combined_score": 0.8507091223968559,
    "eval_f1": 0.8322122096712781,
    "eval_loss": 0.3166595697402954,
    "eval_runtime": 10.4813,
    "eval_samples": 40430,
    "eval_samples_per_second": 3857.35,
    "eval_steps_per_second": 30.149
}