{
    "epoch": 5.0,
    "eval_combined_score": 0.3822090862917652,
    "eval_loss": 2.2925257682800293,
    "eval_pearson": 0.38684778531990605,
    "eval_runtime": 1.2234,
    "eval_samples": 1500,
    "eval_samples_per_second": 1226.076,
    "eval_spearmanr": 0.37757038726362435,
    "eval_steps_per_second": 9.809
}