{
    "epoch": 5.0,
    "eval_accuracy": 0.6245487364620939,
    "eval_loss": 0.8159754276275635,
    "eval_runtime": 0.2247,
    "eval_samples": 277,
    "eval_samples_per_second": 1232.582,
    "eval_steps_per_second": 13.349
}