{
    "epoch": 5.0,
    "eval_accuracy": 0.36619718309859156,
    "eval_loss": 0.7177873253822327,
    "eval_runtime": 0.0658,
    "eval_samples": 71,
    "eval_samples_per_second": 1078.305,
    "eval_steps_per_second": 15.187
}