{
    "epoch": 5.0,
    "eval_accuracy": 0.36619718309859156,
    "eval_loss": 0.701680600643158,
    "eval_runtime": 0.0656,
    "eval_samples": 71,
    "eval_samples_per_second": 1081.957,
    "eval_steps_per_second": 15.239
}