{
    "epoch": 5.0,
    "eval_accuracy": 0.22535211267605634,
    "eval_loss": 0.7899842858314514,
    "eval_runtime": 0.0442,
    "eval_samples": 71,
    "eval_samples_per_second": 1605.748,
    "eval_steps_per_second": 22.616
}