{
    "epoch": 5.0,
    "eval_accuracy": 0.7745098039215687,
    "eval_combined_score": 0.8115970072239422,
    "eval_f1": 0.8486842105263158,
    "eval_loss": 0.4899599850177765,
    "eval_runtime": 0.1275,
    "eval_samples": 408,
    "eval_samples_per_second": 3199.424,
    "eval_steps_per_second": 31.367
}