{
    "epoch": 5.0,
    "eval_combined_score": 0.8738318028706573,
    "eval_loss": 0.5631500482559204,
    "eval_pearson": 0.8742871457084503,
    "eval_runtime": 0.7358,
    "eval_samples": 1500,
    "eval_samples_per_second": 2038.65,
    "eval_spearmanr": 0.8733764600328642,
    "eval_steps_per_second": 16.309
}