{
    "epoch": 5.0,
    "epoch_mm": 5.0,
    "eval_accuracy": 0.7447784004075395,
    "eval_accuracy_mm": 0.7505085435313262,
    "eval_loss": 0.6970522999763489,
    "eval_loss_mm": 0.6707637310028076,
    "eval_runtime": 4.9801,
    "eval_runtime_mm": 5.0571,
    "eval_samples": 9815,
    "eval_samples_mm": 9832,
    "eval_samples_per_second": 1970.835,
    "eval_samples_per_second_mm": 1944.184,
    "eval_steps_per_second": 15.461,
    "eval_steps_per_second_mm": 15.226
}