{
    "epoch": 5.0,
    "eval_accuracy": 0.821078431372549,
    "eval_combined_score": 0.847716496237049,
    "eval_f1": 0.8743545611015491,
    "eval_loss": 0.5976150631904602,
    "eval_runtime": 0.3507,
    "eval_samples": 408,
    "eval_samples_per_second": 1163.477,
    "eval_steps_per_second": 11.407
}