{
    "epoch": 5.0,
    "eval_accuracy": 0.5848375451263538,
    "eval_loss": 0.6888837814331055,
    "eval_runtime": 0.2276,
    "eval_samples": 277,
    "eval_samples_per_second": 1217.023,
    "eval_steps_per_second": 13.181
}