{
    "epoch": 5.0,
    "eval_accuracy": 0.8592348526450668,
    "eval_loss": 0.45772671699523926,
    "eval_runtime": 4.1479,
    "eval_samples": 5463,
    "eval_samples_per_second": 1317.054,
    "eval_steps_per_second": 10.367
}