{
    "epoch": 5.0,
    "eval_accuracy": 0.8715596330275229,
    "eval_loss": 0.6313475966453552,
    "eval_runtime": 0.6619,
    "eval_samples": 872,
    "eval_samples_per_second": 1317.378,
    "eval_steps_per_second": 10.575
}