{
    "epoch": 5.0,
    "eval_accuracy": 0.8767252040563938,
    "eval_combined_score": 0.8555719043537783,
    "eval_f1": 0.8344186046511628,
    "eval_loss": 0.3428919017314911,
    "eval_runtime": 31.9342,
    "eval_samples": 40430,
    "eval_samples_per_second": 1266.043,
    "eval_steps_per_second": 9.895
}