{
    "epoch": 5.0,
    "eval_combined_score": 0.8535412519913242,
    "eval_loss": 0.6483528017997742,
    "eval_pearson": 0.8544367223195222,
    "eval_runtime": 1.1447,
    "eval_samples": 1500,
    "eval_samples_per_second": 1310.332,
    "eval_spearmanr": 0.8526457816631263,
    "eval_steps_per_second": 10.483
}