{
    "epoch": 5.0,
    "eval_accuracy": 0.8548416620904266,
    "eval_loss": 0.35985904932022095,
    "eval_runtime": 3.0909,
    "eval_samples": 5463,
    "eval_samples_per_second": 1767.429,
    "eval_steps_per_second": 13.912
}