{
    "epoch": 5.0,
    "eval_accuracy": 0.5270758122743683,
    "eval_loss": 0.7906280159950256,
    "eval_runtime": 0.239,
    "eval_samples": 277,
    "eval_samples_per_second": 1158.982,
    "eval_steps_per_second": 12.552
}