{
    "epoch": 5.0,
    "epoch_mm": 5.0,
    "eval_accuracy": 0.7670911869587367,
    "eval_accuracy_mm": 0.7701383238405207,
    "eval_loss": 0.660614013671875,
    "eval_loss_mm": 0.6345934867858887,
    "eval_runtime": 8.0732,
    "eval_runtime_mm": 8.2279,
    "eval_samples": 9815,
    "eval_samples_mm": 9832,
    "eval_samples_per_second": 1215.745,
    "eval_samples_per_second_mm": 1194.955,
    "eval_steps_per_second": 9.538,
    "eval_steps_per_second_mm": 9.358
}