{
    "epoch": 5.0,
    "eval_accuracy": 0.8834281474152856,
    "eval_combined_score": 0.8640827114938394,
    "eval_f1": 0.8447372755723933,
    "eval_loss": 0.3679470717906952,
    "eval_runtime": 20.1504,
    "eval_samples": 40430,
    "eval_samples_per_second": 2006.417,
    "eval_steps_per_second": 15.682
}