{
    "epoch": 5.0,
    "eval_accuracy": 0.8784403669724771,
    "eval_loss": 0.4714339077472687,
    "eval_runtime": 0.2536,
    "eval_samples": 872,
    "eval_samples_per_second": 3438.775,
    "eval_steps_per_second": 27.605
}