{
    "epoch": 5.0,
    "eval_combined_score": 0.8441781561947643,
    "eval_loss": 0.7013097405433655,
    "eval_pearson": 0.8453052386221593,
    "eval_runtime": 1.2012,
    "eval_samples": 1500,
    "eval_samples_per_second": 1248.791,
    "eval_spearmanr": 0.8430510737673694,
    "eval_steps_per_second": 9.99
}