{
    "epoch": 5.0,
    "eval_combined_score": 0.845553158753124,
    "eval_loss": 0.6812489032745361,
    "eval_pearson": 0.8468400930619078,
    "eval_runtime": 1.2176,
    "eval_samples": 1500,
    "eval_samples_per_second": 1231.942,
    "eval_spearmanr": 0.8442662244443403,
    "eval_steps_per_second": 9.856
}