{
    "epoch": 5.0,
    "eval_combined_score": 0.8405386422512939,
    "eval_loss": 0.7158138155937195,
    "eval_pearson": 0.8418936329459752,
    "eval_runtime": 1.2678,
    "eval_samples": 1500,
    "eval_samples_per_second": 1183.152,
    "eval_spearmanr": 0.8391836515566126,
    "eval_steps_per_second": 9.465
}