{
    "epoch": 5.0,
    "eval_accuracy": 0.8019403258282994,
    "eval_loss": 0.49444580078125,
    "eval_runtime": 4.5365,
    "eval_samples": 5463,
    "eval_samples_per_second": 1204.23,
    "eval_steps_per_second": 9.479
}