{
    "epoch": 5.0,
    "eval_accuracy": 0.8563060589419733,
    "eval_loss": 0.3560866415500641,
    "eval_runtime": 3.0806,
    "eval_samples": 5463,
    "eval_samples_per_second": 1773.357,
    "eval_steps_per_second": 13.958
}