{
    "epoch": 5.0,
    "eval_accuracy": 0.6813725490196079,
    "eval_combined_score": 0.7254380475594493,
    "eval_f1": 0.7695035460992907,
    "eval_loss": 0.6672177314758301,
    "eval_runtime": 0.3146,
    "eval_samples": 408,
    "eval_samples_per_second": 1296.854,
    "eval_steps_per_second": 12.714
}