{
    "epoch": 5.0,
    "eval_accuracy": 0.7377450980392157,
    "eval_combined_score": 0.7792578086510986,
    "eval_f1": 0.8207705192629816,
    "eval_loss": 0.6233732104301453,
    "eval_runtime": 0.3339,
    "eval_samples": 408,
    "eval_samples_per_second": 1221.753,
    "eval_steps_per_second": 11.978
}