{
    "epoch": 5.0,
    "eval_combined_score": 0.5656457125486956,
    "eval_loss": 1.9363884925842285,
    "eval_pearson": 0.57123970451659,
    "eval_runtime": 1.2139,
    "eval_samples": 1500,
    "eval_samples_per_second": 1235.68,
    "eval_spearmanr": 0.560051720580801,
    "eval_steps_per_second": 9.885
}