{
    "epoch": 5.0,
    "eval_accuracy": 0.323943661971831,
    "eval_loss": 0.7173743844032288,
    "eval_runtime": 0.0256,
    "eval_samples": 71,
    "eval_samples_per_second": 2776.96,
    "eval_steps_per_second": 39.112
}