{
    "epoch": 5.0,
    "eval_accuracy": 0.7034313725490197,
    "eval_combined_score": 0.7517156862745098,
    "eval_f1": 0.8,
    "eval_loss": 0.6366209387779236,
    "eval_runtime": 0.3294,
    "eval_samples": 408,
    "eval_samples_per_second": 1238.718,
    "eval_steps_per_second": 12.144
}