{
    "epoch": 5.0,
    "eval_accuracy": 0.5306859205776173,
    "eval_loss": 0.8712287545204163,
    "eval_runtime": 0.2416,
    "eval_samples": 277,
    "eval_samples_per_second": 1146.291,
    "eval_steps_per_second": 12.415
}