{
    "epoch": 5.0,
    "eval_accuracy": 0.2535211267605634,
    "eval_loss": 0.742496907711029,
    "eval_runtime": 0.0472,
    "eval_samples": 71,
    "eval_samples_per_second": 1504.679,
    "eval_steps_per_second": 21.193
}