{
    "epoch": 5.0,
    "epoch_mm": 5.0,
    "eval_accuracy": 0.7775853285787061,
    "eval_accuracy_mm": 0.7782750203417412,
    "eval_loss": 0.6810390949249268,
    "eval_loss_mm": 0.669272780418396,
    "eval_runtime": 7.3427,
    "eval_runtime_mm": 7.4312,
    "eval_samples": 9815,
    "eval_samples_mm": 9832,
    "eval_samples_per_second": 1336.695,
    "eval_samples_per_second_mm": 1323.063,
    "eval_steps_per_second": 10.487,
    "eval_steps_per_second_mm": 10.362
}