{
    "epoch": 5.0,
    "eval_combined_score": 0.8430509973762088,
    "eval_loss": 0.7226324677467346,
    "eval_pearson": 0.8450035956072705,
    "eval_runtime": 1.2513,
    "eval_samples": 1500,
    "eval_samples_per_second": 1198.791,
    "eval_spearmanr": 0.8410983991451473,
    "eval_steps_per_second": 9.59
}