{
    "epoch": 5.0,
    "eval_combined_score": 0.8408214483663425,
    "eval_loss": 0.7453762888908386,
    "eval_pearson": 0.8414665249067221,
    "eval_runtime": 1.15,
    "eval_samples": 1500,
    "eval_samples_per_second": 1304.369,
    "eval_spearmanr": 0.8401763718259628,
    "eval_steps_per_second": 10.435
}