{
    "epoch": 5.0,
    "eval_accuracy": 0.6827750320336812,
    "eval_loss": 0.6310176253318787,
    "eval_runtime": 3.9092,
    "eval_samples": 5463,
    "eval_samples_per_second": 1397.49,
    "eval_steps_per_second": 11.0
}