{
    "epoch": 5.0,
    "eval_accuracy": 0.8516200840959683,
    "eval_combined_score": 0.8249627838695892,
    "eval_f1": 0.7983054836432102,
    "eval_loss": 0.4268794059753418,
    "eval_runtime": 30.3682,
    "eval_samples": 40430,
    "eval_samples_per_second": 1331.327,
    "eval_steps_per_second": 10.406
}