{
    "epoch": 5.0,
    "eval_loss": 0.6831868290901184,
    "eval_matthews_correlation": 0.36733776473014473,
    "eval_runtime": 0.8118,
    "eval_samples": 1043,
    "eval_samples_per_second": 1284.795,
    "eval_steps_per_second": 11.086
}