{
    "epoch": 5.0,
    "eval_accuracy": 0.8818807339449541,
    "eval_loss": 0.48565733432769775,
    "eval_runtime": 0.2334,
    "eval_samples": 872,
    "eval_samples_per_second": 3736.749,
    "eval_steps_per_second": 29.997
}