{
    "epoch": 5.0,
    "eval_accuracy": 0.895424189957952,
    "eval_combined_score": 0.8765959004018382,
    "eval_f1": 0.8577676108457243,
    "eval_loss": 0.3798615634441376,
    "eval_runtime": 30.9173,
    "eval_samples": 40430,
    "eval_samples_per_second": 1307.681,
    "eval_steps_per_second": 10.221
}