{
    "epoch": 5.0,
    "eval_accuracy": 0.8876082117239673,
    "eval_combined_score": 0.8680505715861768,
    "eval_f1": 0.8484929314483862,
    "eval_loss": 0.30530428886413574,
    "eval_runtime": 16.9701,
    "eval_samples": 40430,
    "eval_samples_per_second": 2382.419,
    "eval_steps_per_second": 18.621
}