{
    "epoch": 5.0,
    "eval_accuracy": 0.8529411764705882,
    "eval_combined_score": 0.8734670546663895,
    "eval_f1": 0.8939929328621908,
    "eval_loss": 0.4936695992946625,
    "eval_runtime": 0.3497,
    "eval_samples": 408,
    "eval_samples_per_second": 1166.74,
    "eval_steps_per_second": 11.439
}