{
    "epoch": 5.0,
    "eval_accuracy": 0.7720588235294118,
    "eval_combined_score": 0.8068130574205832,
    "eval_f1": 0.8415672913117547,
    "eval_loss": 0.6979219317436218,
    "eval_runtime": 0.217,
    "eval_samples": 408,
    "eval_samples_per_second": 1879.932,
    "eval_steps_per_second": 18.431
}