{
    "epoch": 5.0,
    "eval_accuracy": 0.882116053450485,
    "eval_loss": 0.5751780867576599,
    "eval_runtime": 4.4366,
    "eval_samples": 5463,
    "eval_samples_per_second": 1231.339,
    "eval_steps_per_second": 9.692
}