{
    "epoch": 5.0,
    "eval_accuracy": 0.4981949458483754,
    "eval_loss": 0.8753345608711243,
    "eval_runtime": 0.2193,
    "eval_samples": 277,
    "eval_samples_per_second": 1262.905,
    "eval_steps_per_second": 13.678
}