{
    "epoch": 5.0,
    "eval_accuracy": 0.7554457257916896,
    "eval_loss": 0.5712650418281555,
    "eval_runtime": 4.4422,
    "eval_samples": 5463,
    "eval_samples_per_second": 1229.803,
    "eval_steps_per_second": 9.68
}