{
    "epoch": 5.0,
    "eval_accuracy": 0.9057383131338115,
    "eval_combined_score": 0.8890781887385772,
    "eval_f1": 0.872418064343343,
    "eval_loss": 0.41675126552581787,
    "eval_runtime": 38.3602,
    "eval_samples": 40430,
    "eval_samples_per_second": 1053.957,
    "eval_steps_per_second": 8.238
}