{
    "epoch": 5.0,
    "eval_accuracy": 0.8343401061687717,
    "eval_loss": 0.4691697359085083,
    "eval_runtime": 4.2318,
    "eval_samples": 5463,
    "eval_samples_per_second": 1290.933,
    "eval_steps_per_second": 10.161
}