{
    "epoch": 5.0,
    "eval_accuracy": 0.7279411764705882,
    "eval_combined_score": 0.7713161641952273,
    "eval_f1": 0.8146911519198664,
    "eval_loss": 0.582737147808075,
    "eval_runtime": 0.3577,
    "eval_samples": 408,
    "eval_samples_per_second": 1140.563,
    "eval_steps_per_second": 11.182
}