{
    "epoch": 5.0,
    "eval_accuracy": 0.9060598565421717,
    "eval_combined_score": 0.8898394584188298,
    "eval_f1": 0.8736190602954879,
    "eval_loss": 0.45138466358184814,
    "eval_runtime": 32.4202,
    "eval_samples": 40430,
    "eval_samples_per_second": 1247.062,
    "eval_steps_per_second": 9.747
}