{
    "epoch": 5.0,
    "eval_accuracy": 0.7892156862745098,
    "eval_combined_score": 0.8178221288515406,
    "eval_f1": 0.8464285714285714,
    "eval_loss": 0.45795178413391113,
    "eval_runtime": 0.1789,
    "eval_samples": 408,
    "eval_samples_per_second": 2280.765,
    "eval_steps_per_second": 22.36
}