{
    "epoch": 5.0,
    "eval_accuracy": 0.8972545139747712,
    "eval_combined_score": 0.8800522437808351,
    "eval_f1": 0.8628499735868991,
    "eval_loss": 0.4389522671699524,
    "eval_runtime": 32.1719,
    "eval_samples": 40430,
    "eval_samples_per_second": 1256.686,
    "eval_steps_per_second": 9.822
}