{
    "epoch": 5.0,
    "eval_accuracy": 0.38028169014084506,
    "eval_loss": 0.717952311038971,
    "eval_runtime": 0.027,
    "eval_samples": 71,
    "eval_samples_per_second": 2633.704,
    "eval_steps_per_second": 37.094
}