{
    "epoch": 5.0,
    "epoch_mm": 5.0,
    "eval_accuracy": 0.7609780947529292,
    "eval_accuracy_mm": 0.7629170056956875,
    "eval_loss": 0.6208441853523254,
    "eval_loss_mm": 0.6043294668197632,
    "eval_runtime": 4.0333,
    "eval_runtime_mm": 4.1335,
    "eval_samples": 9815,
    "eval_samples_mm": 9832,
    "eval_samples_per_second": 2433.515,
    "eval_samples_per_second_mm": 2378.623,
    "eval_steps_per_second": 19.091,
    "eval_steps_per_second_mm": 18.628
}