{
    "epoch": 5.0,
    "eval_accuracy": 0.8979357798165137,
    "eval_loss": 0.5228692889213562,
    "eval_runtime": 0.7452,
    "eval_samples": 872,
    "eval_samples_per_second": 1170.186,
    "eval_steps_per_second": 9.394
}