{
    "epoch": 5.0,
    "eval_accuracy": 0.8576304724214692,
    "eval_combined_score": 0.829628580572466,
    "eval_f1": 0.8016266887234629,
    "eval_loss": 0.35327082872390747,
    "eval_runtime": 29.8957,
    "eval_samples": 40430,
    "eval_samples_per_second": 1352.369,
    "eval_steps_per_second": 10.57
}