{
    "epoch": 5.0,
    "eval_accuracy": 0.4507042253521127,
    "eval_loss": 0.7138740420341492,
    "eval_runtime": 0.0654,
    "eval_samples": 71,
    "eval_samples_per_second": 1085.918,
    "eval_steps_per_second": 15.295
}