{
    "epoch": 5.0,
    "eval_accuracy": 0.8686124165223844,
    "eval_combined_score": 0.8449267493838197,
    "eval_f1": 0.821241082245255,
    "eval_loss": 0.3484359681606293,
    "eval_runtime": 46.2666,
    "eval_samples": 40430,
    "eval_samples_per_second": 873.849,
    "eval_steps_per_second": 6.83
}