{
    "epoch": 5.0,
    "eval_combined_score": 0.8000021789261744,
    "eval_loss": 0.8469754457473755,
    "eval_pearson": 0.8014085701359122,
    "eval_runtime": 1.7362,
    "eval_samples": 1500,
    "eval_samples_per_second": 863.943,
    "eval_spearmanr": 0.7985957877164367,
    "eval_steps_per_second": 6.912
}