{
    "epoch": 5.0,
    "eval_combined_score": 0.8404506581973432,
    "eval_loss": 0.6897814273834229,
    "eval_pearson": 0.8410420845632248,
    "eval_runtime": 0.3992,
    "eval_samples": 1500,
    "eval_samples_per_second": 3757.188,
    "eval_spearmanr": 0.8398592318314616,
    "eval_steps_per_second": 30.058
}