{
    "epoch": 5.0,
    "eval_accuracy": 0.7377450980392157,
    "eval_combined_score": 0.7774195575666164,
    "eval_f1": 0.8170940170940171,
    "eval_loss": 0.5647149682044983,
    "eval_runtime": 0.3564,
    "eval_samples": 408,
    "eval_samples_per_second": 1144.874,
    "eval_steps_per_second": 11.224
}