{
    "epoch": 5.0,
    "eval_combined_score": 0.6435040622704247,
    "eval_loss": 1.5937411785125732,
    "eval_pearson": 0.6458986477008939,
    "eval_runtime": 1.2892,
    "eval_samples": 1500,
    "eval_samples_per_second": 1163.532,
    "eval_spearmanr": 0.6411094768399553,
    "eval_steps_per_second": 9.308
}