{
    "epoch": 5.0,
    "epoch_mm": 5.0,
    "eval_accuracy": 0.7658685685175751,
    "eval_accuracy_mm": 0.7725793327908869,
    "eval_loss": 0.6107433438301086,
    "eval_loss_mm": 0.5872842669487,
    "eval_runtime": 4.0962,
    "eval_runtime_mm": 4.0813,
    "eval_samples": 9815,
    "eval_samples_mm": 9832,
    "eval_samples_per_second": 2396.108,
    "eval_samples_per_second_mm": 2409.011,
    "eval_steps_per_second": 18.798,
    "eval_steps_per_second_mm": 18.866
}