{
    "epoch": 5.0,
    "eval_accuracy": 0.323943661971831,
    "eval_loss": 0.7158271670341492,
    "eval_runtime": 0.0661,
    "eval_samples": 71,
    "eval_samples_per_second": 1074.423,
    "eval_steps_per_second": 15.133
}