{
    "epoch": 5.0,
    "eval_accuracy": 0.5342960288808665,
    "eval_loss": 0.7793841361999512,
    "eval_runtime": 0.1515,
    "eval_samples": 277,
    "eval_samples_per_second": 1828.587,
    "eval_steps_per_second": 19.804
}