{
    "epoch": 5.0,
    "eval_combined_score": 0.8698970138220579,
    "eval_loss": 0.5606175661087036,
    "eval_pearson": 0.8709195536371184,
    "eval_runtime": 1.1708,
    "eval_samples": 1500,
    "eval_samples_per_second": 1281.163,
    "eval_spearmanr": 0.8688744740069972,
    "eval_steps_per_second": 10.249
}