{
    "epoch": 5.0,
    "eval_accuracy": 0.8697007172891418,
    "eval_combined_score": 0.8511941304796722,
    "eval_f1": 0.8326875436702026,
    "eval_loss": 0.31443771719932556,
    "eval_runtime": 12.7407,
    "eval_samples": 40430,
    "eval_samples_per_second": 3173.304,
    "eval_steps_per_second": 24.802
}