{
    "epoch": 5.0,
    "eval_accuracy": 0.903635913925303,
    "eval_combined_score": 0.8871905267987605,
    "eval_f1": 0.8707451396722181,
    "eval_loss": 0.45921051502227783,
    "eval_runtime": 32.972,
    "eval_samples": 40430,
    "eval_samples_per_second": 1226.194,
    "eval_steps_per_second": 9.584
}