{
    "epoch": 5.0,
    "eval_accuracy": 0.8671059857221307,
    "eval_loss": 0.48745518922805786,
    "eval_runtime": 4.2049,
    "eval_samples": 5463,
    "eval_samples_per_second": 1299.184,
    "eval_steps_per_second": 10.226
}