{
    "epoch": 5.0,
    "eval_accuracy": 0.890536335346879,
    "eval_loss": 0.5436917543411255,
    "eval_runtime": 4.2414,
    "eval_samples": 5463,
    "eval_samples_per_second": 1288.009,
    "eval_steps_per_second": 10.138
}