{
    "epoch": 5.0,
    "eval_accuracy": 0.8529411764705882,
    "eval_combined_score": 0.8736536868268434,
    "eval_f1": 0.8943661971830986,
    "eval_loss": 0.4945466220378876,
    "eval_runtime": 0.3382,
    "eval_samples": 408,
    "eval_samples_per_second": 1206.214,
    "eval_steps_per_second": 11.826
}