{
    "epoch": 5.0,
    "eval_accuracy": 0.7426470588235294,
    "eval_combined_score": 0.7821894037750924,
    "eval_f1": 0.8217317487266553,
    "eval_loss": 0.5347999334335327,
    "eval_runtime": 0.3272,
    "eval_samples": 408,
    "eval_samples_per_second": 1246.841,
    "eval_steps_per_second": 12.224
}