{
    "epoch": 5.0,
    "eval_accuracy": 0.8695523126391294,
    "eval_combined_score": 0.8488859862980678,
    "eval_f1": 0.8282196599570061,
    "eval_loss": 0.3594183921813965,
    "eval_runtime": 30.9976,
    "eval_samples": 40430,
    "eval_samples_per_second": 1304.294,
    "eval_steps_per_second": 10.194
}