{
    "epoch": 5.0,
    "epoch_mm": 5.0,
    "eval_accuracy": 0.7061640346408559,
    "eval_accuracy_mm": 0.7056550040683482,
    "eval_loss": 0.7311100959777832,
    "eval_loss_mm": 0.7113699316978455,
    "eval_runtime": 7.3105,
    "eval_runtime_mm": 7.388,
    "eval_samples": 9815,
    "eval_samples_mm": 9832,
    "eval_samples_per_second": 1342.593,
    "eval_samples_per_second_mm": 1330.802,
    "eval_steps_per_second": 10.533,
    "eval_steps_per_second_mm": 10.422
}