{
    "epoch": 5.0,
    "eval_accuracy": 0.8685703825736775,
    "eval_loss": 0.4813222289085388,
    "eval_runtime": 4.277,
    "eval_samples": 5463,
    "eval_samples_per_second": 1277.305,
    "eval_steps_per_second": 10.054
}