{
    "epoch": 5.0,
    "eval_combined_score": 0.8216786263497022,
    "eval_loss": 0.8746398091316223,
    "eval_pearson": 0.8202758562570222,
    "eval_runtime": 0.4318,
    "eval_samples": 1500,
    "eval_samples_per_second": 3474.23,
    "eval_spearmanr": 0.8230813964423822,
    "eval_steps_per_second": 27.794
}