{
    "epoch": 5.0,
    "eval_accuracy": 0.6348039215686274,
    "eval_combined_score": 0.679694012540321,
    "eval_f1": 0.7245841035120147,
    "eval_loss": 0.7076891660690308,
    "eval_runtime": 0.3694,
    "eval_samples": 408,
    "eval_samples_per_second": 1104.51,
    "eval_steps_per_second": 10.829
}