{
    "epoch": 5.0,
    "eval_accuracy": 0.8511806699615596,
    "eval_loss": 0.3615916073322296,
    "eval_runtime": 1.7038,
    "eval_samples": 5463,
    "eval_samples_per_second": 3206.291,
    "eval_steps_per_second": 25.237
}