{
    "epoch": 5.0,
    "eval_accuracy": 0.7902251510159253,
    "eval_loss": 0.5308166146278381,
    "eval_runtime": 2.7536,
    "eval_samples": 5463,
    "eval_samples_per_second": 1983.928,
    "eval_steps_per_second": 15.616
}