{
    "epoch": 5.0,
    "eval_accuracy": 0.9048165137614679,
    "eval_loss": 0.5090830326080322,
    "eval_runtime": 0.693,
    "eval_samples": 872,
    "eval_samples_per_second": 1258.353,
    "eval_steps_per_second": 10.101
}