{
    "epoch": 5.0,
    "eval_accuracy": 0.7058823529411765,
    "eval_combined_score": 0.7586015538290789,
    "eval_f1": 0.8113207547169812,
    "eval_loss": 0.5802381634712219,
    "eval_runtime": 0.1333,
    "eval_samples": 408,
    "eval_samples_per_second": 3060.211,
    "eval_steps_per_second": 30.002
}