{
    "epoch": 5.0,
    "eval_loss": 0.7441232800483704,
    "eval_matthews_correlation": 0.19652610059869435,
    "eval_runtime": 0.8479,
    "eval_samples": 1043,
    "eval_samples_per_second": 1230.05,
    "eval_steps_per_second": 10.614
}