{
    "epoch": 5.0,
    "eval_accuracy": 0.8520642201834863,
    "eval_loss": 0.6453691124916077,
    "eval_runtime": 0.6836,
    "eval_samples": 872,
    "eval_samples_per_second": 1275.618,
    "eval_steps_per_second": 10.24
}