{
    "epoch": 5.0,
    "eval_accuracy": 0.8939648775661637,
    "eval_combined_score": 0.8767429001652622,
    "eval_f1": 0.8595209227643609,
    "eval_loss": 0.41406887769699097,
    "eval_runtime": 20.2044,
    "eval_samples": 40430,
    "eval_samples_per_second": 2001.051,
    "eval_steps_per_second": 15.64
}