{
    "epoch": 5.0,
    "eval_accuracy": 0.7132352941176471,
    "eval_combined_score": 0.7538056962679625,
    "eval_f1": 0.7943760984182777,
    "eval_loss": 0.5970389246940613,
    "eval_runtime": 0.3285,
    "eval_samples": 408,
    "eval_samples_per_second": 1241.95,
    "eval_steps_per_second": 12.176
}