{
    "epoch": 5.0,
    "eval_accuracy": 0.7524509803921569,
    "eval_combined_score": 0.793574099034049,
    "eval_f1": 0.8346972176759411,
    "eval_loss": 0.569033145904541,
    "eval_runtime": 0.3211,
    "eval_samples": 408,
    "eval_samples_per_second": 1270.791,
    "eval_steps_per_second": 12.459
}