{
    "epoch": 5.0,
    "eval_accuracy": 0.6245487364620939,
    "eval_loss": 0.8125529885292053,
    "eval_runtime": 0.2821,
    "eval_samples": 277,
    "eval_samples_per_second": 981.921,
    "eval_steps_per_second": 10.635
}