{
    "epoch": 5.0,
    "eval_accuracy": 0.8971061093247589,
    "eval_combined_score": 0.8789459333184266,
    "eval_f1": 0.8607857573120943,
    "eval_loss": 0.3820381462574005,
    "eval_runtime": 33.5849,
    "eval_samples": 40430,
    "eval_samples_per_second": 1203.814,
    "eval_steps_per_second": 9.409
}