{
    "epoch": 5.0,
    "epoch_mm": 5.0,
    "eval_accuracy": 0.7735099337748345,
    "eval_accuracy_mm": 0.7743083807973963,
    "eval_loss": 0.6839861273765564,
    "eval_loss_mm": 0.6752530932426453,
    "eval_runtime": 4.9957,
    "eval_runtime_mm": 5.1643,
    "eval_samples": 9815,
    "eval_samples_mm": 9832,
    "eval_samples_per_second": 1964.709,
    "eval_samples_per_second_mm": 1903.846,
    "eval_steps_per_second": 15.413,
    "eval_steps_per_second_mm": 14.91
}