{
    "epoch": 5.0,
    "eval_combined_score": 0.8134660277307769,
    "eval_loss": 0.8072142004966736,
    "eval_pearson": 0.8148636538623121,
    "eval_runtime": 1.1711,
    "eval_samples": 1500,
    "eval_samples_per_second": 1280.883,
    "eval_spearmanr": 0.8120684015992418,
    "eval_steps_per_second": 10.247
}