{
    "epoch": 5.0,
    "eval_accuracy": 0.8333333333333334,
    "eval_combined_score": 0.8574332171893148,
    "eval_f1": 0.8815331010452961,
    "eval_loss": 0.5450577735900879,
    "eval_runtime": 0.3474,
    "eval_samples": 408,
    "eval_samples_per_second": 1174.441,
    "eval_steps_per_second": 11.514
}