{
    "epoch": 5.0,
    "eval_accuracy": 0.8474770642201835,
    "eval_loss": 0.7181490063667297,
    "eval_runtime": 0.6811,
    "eval_samples": 872,
    "eval_samples_per_second": 1280.318,
    "eval_steps_per_second": 10.278
}