{
    "epoch": 5.0,
    "eval_accuracy": 0.8525599802127133,
    "eval_combined_score": 0.8324562107126462,
    "eval_f1": 0.8123524412125791,
    "eval_loss": 0.3732614517211914,
    "eval_runtime": 32.6261,
    "eval_samples": 40430,
    "eval_samples_per_second": 1239.19,
    "eval_steps_per_second": 9.685
}