{
    "epoch": 5.0,
    "eval_accuracy": 0.38028169014084506,
    "eval_loss": 0.707051694393158,
    "eval_runtime": 0.0321,
    "eval_samples": 71,
    "eval_samples_per_second": 2211.052,
    "eval_steps_per_second": 31.142
}