{
    "epoch": 5.0,
    "eval_combined_score": 0.8365637299315116,
    "eval_loss": 0.7214475870132446,
    "eval_pearson": 0.8380940139858634,
    "eval_runtime": 1.1617,
    "eval_samples": 1500,
    "eval_samples_per_second": 1291.232,
    "eval_spearmanr": 0.8350334458771599,
    "eval_steps_per_second": 10.33
}