{
    "epoch": 5.0,
    "eval_loss": 0.6419835090637207,
    "eval_matthews_correlation": 0.14021328845591102,
    "eval_runtime": 0.8137,
    "eval_samples": 1043,
    "eval_samples_per_second": 1281.817,
    "eval_steps_per_second": 11.061
}