{
    "epoch": 5.0,
    "eval_accuracy": 0.8623853211009175,
    "eval_loss": 0.45255741477012634,
    "eval_runtime": 0.2461,
    "eval_samples": 872,
    "eval_samples_per_second": 3542.854,
    "eval_steps_per_second": 28.44
}