{
    "epoch": 5.0,
    "eval_accuracy": 0.8896116744991343,
    "eval_combined_score": 0.8717305515306033,
    "eval_f1": 0.8538494285620722,
    "eval_loss": 0.38843461871147156,
    "eval_runtime": 20.1473,
    "eval_samples": 40430,
    "eval_samples_per_second": 2006.719,
    "eval_steps_per_second": 15.684
}