{
    "epoch": 5.0,
    "eval_accuracy": 0.7892156862745098,
    "eval_combined_score": 0.8175469112376132,
    "eval_f1": 0.8458781362007168,
    "eval_loss": 0.6045543551445007,
    "eval_runtime": 0.2153,
    "eval_samples": 408,
    "eval_samples_per_second": 1894.763,
    "eval_steps_per_second": 18.576
}