{
    "epoch": 5.0,
    "eval_accuracy": 0.8956422018348624,
    "eval_loss": 0.5108083486557007,
    "eval_runtime": 0.8333,
    "eval_samples": 872,
    "eval_samples_per_second": 1046.458,
    "eval_steps_per_second": 8.4
}