{
    "epoch": 5.0,
    "eval_combined_score": 0.7716733902653099,
    "eval_loss": 1.2339900732040405,
    "eval_pearson": 0.764400696927815,
    "eval_runtime": 0.4036,
    "eval_samples": 1500,
    "eval_samples_per_second": 3716.988,
    "eval_spearmanr": 0.7789460836028048,
    "eval_steps_per_second": 29.736
}