{
    "epoch": 5.0,
    "eval_accuracy": 0.8971308434330942,
    "eval_combined_score": 0.8804141419341593,
    "eval_f1": 0.8636974404352243,
    "eval_loss": 0.4305647313594818,
    "eval_runtime": 20.4369,
    "eval_samples": 40430,
    "eval_samples_per_second": 1978.286,
    "eval_steps_per_second": 15.462
}