{
    "epoch": 5.0,
    "eval_accuracy": 0.9007420232500618,
    "eval_combined_score": 0.8835967429305651,
    "eval_f1": 0.8664514626110685,
    "eval_loss": 0.41135871410369873,
    "eval_runtime": 31.8184,
    "eval_samples": 40430,
    "eval_samples_per_second": 1270.648,
    "eval_steps_per_second": 9.931
}