{
    "epoch": 5.0,
    "eval_accuracy": 0.7107843137254902,
    "eval_combined_score": 0.7570588235294118,
    "eval_f1": 0.8033333333333333,
    "eval_loss": 0.6185685992240906,
    "eval_runtime": 0.2195,
    "eval_samples": 408,
    "eval_samples_per_second": 1859.028,
    "eval_steps_per_second": 18.226
}