{
    "epoch": 5.0,
    "eval_accuracy": 0.323943661971831,
    "eval_loss": 0.718571126461029,
    "eval_runtime": 0.0727,
    "eval_samples": 71,
    "eval_samples_per_second": 976.481,
    "eval_steps_per_second": 13.753
}