{
    "epoch": 5.0,
    "eval_accuracy": 0.8428899082568807,
    "eval_loss": 0.777516782283783,
    "eval_runtime": 0.4512,
    "eval_samples": 872,
    "eval_samples_per_second": 1932.535,
    "eval_steps_per_second": 15.513
}