{
    "epoch": 5.0,
    "eval_accuracy": 0.9051694286420975,
    "eval_combined_score": 0.888225619444261,
    "eval_f1": 0.8712818102464245,
    "eval_loss": 0.40832313895225525,
    "eval_runtime": 31.835,
    "eval_samples": 40430,
    "eval_samples_per_second": 1269.987,
    "eval_steps_per_second": 9.926
}