{
    "epoch": 5.0,
    "eval_accuracy": 0.8793470195399455,
    "eval_combined_score": 0.8601650992862069,
    "eval_f1": 0.8409831790324683,
    "eval_loss": 0.3109954297542572,
    "eval_runtime": 22.9361,
    "eval_samples": 40430,
    "eval_samples_per_second": 1762.726,
    "eval_steps_per_second": 13.777
}