{
    "epoch": 5.0,
    "eval_accuracy": 0.8715596330275229,
    "eval_loss": 0.45661789178848267,
    "eval_runtime": 0.3003,
    "eval_samples": 872,
    "eval_samples_per_second": 2904.193,
    "eval_steps_per_second": 23.313
}