{
    "epoch": 5.0,
    "eval_accuracy": 0.821078431372549,
    "eval_combined_score": 0.8461653179790434,
    "eval_f1": 0.8712522045855379,
    "eval_loss": 0.5256248116493225,
    "eval_runtime": 0.2145,
    "eval_samples": 408,
    "eval_samples_per_second": 1902.407,
    "eval_steps_per_second": 18.651
}