{
    "epoch": 5.0,
    "eval_accuracy": 0.8952757853079396,
    "eval_combined_score": 0.8765260350792301,
    "eval_f1": 0.8577762848505207,
    "eval_loss": 0.38323473930358887,
    "eval_runtime": 33.8667,
    "eval_samples": 40430,
    "eval_samples_per_second": 1193.797,
    "eval_steps_per_second": 9.331
}