{
    "epoch": 5.0,
    "eval_accuracy": 0.5415162454873647,
    "eval_loss": 0.8025305867195129,
    "eval_runtime": 0.2284,
    "eval_samples": 277,
    "eval_samples_per_second": 1212.666,
    "eval_steps_per_second": 13.134
}