{
    "epoch": 5.0,
    "eval_accuracy": 0.7990196078431373,
    "eval_combined_score": 0.8283292483660131,
    "eval_f1": 0.8576388888888888,
    "eval_loss": 0.5222650766372681,
    "eval_runtime": 0.3549,
    "eval_samples": 408,
    "eval_samples_per_second": 1149.516,
    "eval_steps_per_second": 11.27
}