{
    "epoch": 5.0,
    "eval_combined_score": 0.8292485633848639,
    "eval_loss": 0.770010769367218,
    "eval_pearson": 0.8315514725471757,
    "eval_runtime": 1.1813,
    "eval_samples": 1500,
    "eval_samples_per_second": 1269.84,
    "eval_spearmanr": 0.8269456542225522,
    "eval_steps_per_second": 10.159
}