{
    "epoch": 5.0,
    "eval_accuracy": 0.8453870887954489,
    "eval_combined_score": 0.8197760956835751,
    "eval_f1": 0.7941651025717014,
    "eval_loss": 0.4079039990901947,
    "eval_runtime": 28.6151,
    "eval_samples": 40430,
    "eval_samples_per_second": 1412.892,
    "eval_steps_per_second": 11.043
}