{
    "epoch": 5.0,
    "eval_accuracy": 0.28169014084507044,
    "eval_loss": 0.7599992752075195,
    "eval_runtime": 0.0622,
    "eval_samples": 71,
    "eval_samples_per_second": 1140.901,
    "eval_steps_per_second": 16.069
}