{
    "epoch": 5.0,
    "eval_accuracy": 0.8711847637892653,
    "eval_combined_score": 0.8520237041025915,
    "eval_f1": 0.8328626444159178,
    "eval_loss": 0.39939993619918823,
    "eval_runtime": 32.2304,
    "eval_samples": 40430,
    "eval_samples_per_second": 1254.406,
    "eval_steps_per_second": 9.804
}