{
    "epoch": 5.0,
    "eval_accuracy": 0.28169014084507044,
    "eval_loss": 0.72607421875,
    "eval_runtime": 0.0679,
    "eval_samples": 71,
    "eval_samples_per_second": 1044.889,
    "eval_steps_per_second": 14.717
}