{
    "epoch": 5.0,
    "eval_accuracy": 0.8864678899082569,
    "eval_loss": 0.44639524817466736,
    "eval_runtime": 0.2565,
    "eval_samples": 872,
    "eval_samples_per_second": 3399.067,
    "eval_steps_per_second": 27.286
}