{
    "epoch": 5.0,
    "eval_accuracy": 0.9060598565421717,
    "eval_combined_score": 0.889704598139033,
    "eval_f1": 0.8733493397358943,
    "eval_loss": 0.42560604214668274,
    "eval_runtime": 31.3289,
    "eval_samples": 40430,
    "eval_samples_per_second": 1290.5,
    "eval_steps_per_second": 10.087
}