{
    "epoch": 5.0,
    "eval_combined_score": 0.8414787790461782,
    "eval_loss": 0.6966378688812256,
    "eval_pearson": 0.8420497221719039,
    "eval_runtime": 0.3979,
    "eval_samples": 1500,
    "eval_samples_per_second": 3769.409,
    "eval_spearmanr": 0.8409078359204524,
    "eval_steps_per_second": 30.155
}