{
    "epoch": 5.0,
    "eval_accuracy": 0.7647058823529411,
    "eval_combined_score": 0.8036644165863066,
    "eval_f1": 0.8426229508196721,
    "eval_loss": 0.5082643628120422,
    "eval_runtime": 0.1274,
    "eval_samples": 408,
    "eval_samples_per_second": 3202.118,
    "eval_steps_per_second": 31.393
}