{
    "epoch": 5.0,
    "eval_accuracy": 0.5492957746478874,
    "eval_loss": 0.7059584856033325,
    "eval_runtime": 0.0264,
    "eval_samples": 71,
    "eval_samples_per_second": 2693.374,
    "eval_steps_per_second": 37.935
}