{
    "epoch": 5.0,
    "eval_combined_score": 0.8580947675139687,
    "eval_loss": 0.6164360642433167,
    "eval_pearson": 0.8592836482240199,
    "eval_runtime": 1.2139,
    "eval_samples": 1500,
    "eval_samples_per_second": 1235.663,
    "eval_spearmanr": 0.8569058868039177,
    "eval_steps_per_second": 9.885
}