{
    "epoch": 5.0,
    "eval_loss": 0.6744707822799683,
    "eval_matthews_correlation": 0.13775918395263734,
    "eval_runtime": 0.5323,
    "eval_samples": 1043,
    "eval_samples_per_second": 1959.58,
    "eval_steps_per_second": 16.909
}