{
    "epoch": 5.0,
    "eval_accuracy": 0.4507042253521127,
    "eval_loss": 0.7039023041725159,
    "eval_runtime": 0.0315,
    "eval_samples": 71,
    "eval_samples_per_second": 2251.524,
    "eval_steps_per_second": 31.712
}