{
    "epoch": 5.0,
    "eval_accuracy": 0.8868909225822409,
    "eval_combined_score": 0.8672719596087405,
    "eval_f1": 0.8476529966352401,
    "eval_loss": 0.3621102273464203,
    "eval_runtime": 28.5839,
    "eval_samples": 40430,
    "eval_samples_per_second": 1414.434,
    "eval_steps_per_second": 11.055
}