{
    "epoch": 5.0,
    "eval_accuracy": 0.8727064220183486,
    "eval_loss": 0.6537423133850098,
    "eval_runtime": 0.4475,
    "eval_samples": 872,
    "eval_samples_per_second": 1948.452,
    "eval_steps_per_second": 15.641
}