{
    "epoch": 5.0,
    "eval_combined_score": 0.8405766160126464,
    "eval_loss": 0.7172849774360657,
    "eval_pearson": 0.8421148926223682,
    "eval_runtime": 1.204,
    "eval_samples": 1500,
    "eval_samples_per_second": 1245.875,
    "eval_spearmanr": 0.8390383394029246,
    "eval_steps_per_second": 9.967
}