{
    "epoch": 5.0,
    "eval_accuracy": 0.8869898590155825,
    "eval_combined_score": 0.8675348297571678,
    "eval_f1": 0.8480798004987531,
    "eval_loss": 0.30456623435020447,
    "eval_runtime": 17.2589,
    "eval_samples": 40430,
    "eval_samples_per_second": 2342.562,
    "eval_steps_per_second": 18.309
}