{
    "epoch": 5.0,
    "epoch_mm": 5.0,
    "eval_accuracy": 0.7831889964340295,
    "eval_accuracy_mm": 0.7848860862489829,
    "eval_loss": 0.6929835677146912,
    "eval_loss_mm": 0.6739367842674255,
    "eval_runtime": 7.8109,
    "eval_runtime_mm": 7.9022,
    "eval_samples": 9815,
    "eval_samples_mm": 9832,
    "eval_samples_per_second": 1256.581,
    "eval_samples_per_second_mm": 1244.208,
    "eval_steps_per_second": 9.858,
    "eval_steps_per_second_mm": 9.744
}