{
    "epoch": 5.0,
    "eval_accuracy": 0.8802621815483552,
    "eval_combined_score": 0.8597077927710544,
    "eval_f1": 0.8391534039937535,
    "eval_loss": 0.3436005413532257,
    "eval_runtime": 31.0175,
    "eval_samples": 40430,
    "eval_samples_per_second": 1303.457,
    "eval_steps_per_second": 10.188
}