{
    "epoch": 5.0,
    "eval_accuracy": 0.5090252707581228,
    "eval_loss": 0.8893189430236816,
    "eval_runtime": 0.2337,
    "eval_samples": 277,
    "eval_samples_per_second": 1185.422,
    "eval_steps_per_second": 12.839
}