{
    "epoch": 5.0,
    "eval_accuracy": 0.8923818946326985,
    "eval_combined_score": 0.8739272037521573,
    "eval_f1": 0.855472512871616,
    "eval_loss": 0.3692503869533539,
    "eval_runtime": 30.6207,
    "eval_samples": 40430,
    "eval_samples_per_second": 1320.348,
    "eval_steps_per_second": 10.32
}