{
    "epoch": 5.0,
    "eval_accuracy": 0.814936847885777,
    "eval_loss": 0.4703153073787689,
    "eval_runtime": 4.2188,
    "eval_samples": 5463,
    "eval_samples_per_second": 1294.909,
    "eval_steps_per_second": 10.192
}