{
    "epoch": 5.0,
    "eval_accuracy": 0.6593137254901961,
    "eval_combined_score": 0.7062110368125936,
    "eval_f1": 0.7531083481349912,
    "eval_loss": 0.6558775305747986,
    "eval_runtime": 0.2116,
    "eval_samples": 408,
    "eval_samples_per_second": 1928.161,
    "eval_steps_per_second": 18.904
}