{
    "epoch": 5.0,
    "eval_accuracy": 0.9068760821172397,
    "eval_combined_score": 0.8906692104094251,
    "eval_f1": 0.8744623387016105,
    "eval_loss": 0.4418521523475647,
    "eval_runtime": 32.4642,
    "eval_samples": 40430,
    "eval_samples_per_second": 1245.37,
    "eval_steps_per_second": 9.734
}