{
    "epoch": 5.0,
    "eval_accuracy": 0.7818627450980392,
    "eval_combined_score": 0.8158892140329994,
    "eval_f1": 0.8499156829679595,
    "eval_loss": 0.6453173756599426,
    "eval_runtime": 0.3399,
    "eval_samples": 408,
    "eval_samples_per_second": 1200.441,
    "eval_steps_per_second": 11.769
}