{
    "epoch": 5.0,
    "eval_accuracy": 0.352112676056338,
    "eval_loss": 0.7312939763069153,
    "eval_runtime": 0.1059,
    "eval_samples": 71,
    "eval_samples_per_second": 670.362,
    "eval_steps_per_second": 9.442
}