{
    "epoch": 5.0,
    "eval_combined_score": 0.7796877130105072,
    "eval_loss": 1.1093637943267822,
    "eval_pearson": 0.7763145540501569,
    "eval_runtime": 0.4893,
    "eval_samples": 1500,
    "eval_samples_per_second": 3065.423,
    "eval_spearmanr": 0.7830608719708575,
    "eval_steps_per_second": 24.523
}