{
    "epoch": 5.0,
    "eval_accuracy": 0.29577464788732394,
    "eval_loss": 0.7272570729255676,
    "eval_runtime": 0.0676,
    "eval_samples": 71,
    "eval_samples_per_second": 1049.57,
    "eval_steps_per_second": 14.783
}