{
    "epoch": 5.0,
    "eval_accuracy": 0.5306859205776173,
    "eval_loss": 0.7568172216415405,
    "eval_runtime": 0.225,
    "eval_samples": 277,
    "eval_samples_per_second": 1230.998,
    "eval_steps_per_second": 13.332
}