{
    "epoch": 5.0,
    "eval_accuracy": 0.5451263537906137,
    "eval_loss": 0.712064802646637,
    "eval_runtime": 0.3749,
    "eval_samples": 277,
    "eval_samples_per_second": 738.837,
    "eval_steps_per_second": 8.002
}