{
    "epoch": 5.0,
    "eval_accuracy": 0.19718309859154928,
    "eval_loss": 0.8396304845809937,
    "eval_runtime": 0.0675,
    "eval_samples": 71,
    "eval_samples_per_second": 1051.609,
    "eval_steps_per_second": 14.811
}