{
    "epoch": 5.0,
    "eval_accuracy": 0.7892156862745098,
    "eval_combined_score": 0.8191692466460267,
    "eval_f1": 0.8491228070175438,
    "eval_loss": 0.44278594851493835,
    "eval_runtime": 0.182,
    "eval_samples": 408,
    "eval_samples_per_second": 2242.159,
    "eval_steps_per_second": 21.982
}