{
    "epoch": 5.0,
    "eval_accuracy": 0.8705416769725451,
    "eval_combined_score": 0.8518418662853035,
    "eval_f1": 0.8331420555980618,
    "eval_loss": 0.31157490611076355,
    "eval_runtime": 12.3816,
    "eval_samples": 40430,
    "eval_samples_per_second": 3265.316,
    "eval_steps_per_second": 25.522
}