{
    "epoch": 5.0,
    "eval_combined_score": 0.8488793201964968,
    "eval_loss": 0.6617410182952881,
    "eval_pearson": 0.8506754280224075,
    "eval_runtime": 0.7613,
    "eval_samples": 1500,
    "eval_samples_per_second": 1970.259,
    "eval_spearmanr": 0.8470832123705863,
    "eval_steps_per_second": 15.762
}