{
    "epoch": 5.0,
    "eval_accuracy": 0.8529411764705882,
    "eval_combined_score": 0.8740230357877417,
    "eval_f1": 0.8951048951048951,
    "eval_loss": 0.47444310784339905,
    "eval_runtime": 0.3264,
    "eval_samples": 408,
    "eval_samples_per_second": 1250.061,
    "eval_steps_per_second": 12.256
}