{
    "epoch": 5.0,
    "eval_accuracy": 0.838184147904082,
    "eval_loss": 0.5521029233932495,
    "eval_runtime": 4.4739,
    "eval_samples": 5463,
    "eval_samples_per_second": 1221.078,
    "eval_steps_per_second": 9.611
}