{
    "epoch": 5.0,
    "eval_accuracy": 0.8674720849350174,
    "eval_loss": 0.5479822158813477,
    "eval_runtime": 4.3564,
    "eval_samples": 5463,
    "eval_samples_per_second": 1254.005,
    "eval_steps_per_second": 9.87
}