{
    "epoch": 5.0,
    "epoch_mm": 5.0,
    "eval_accuracy": 0.7458991339786042,
    "eval_accuracy_mm": 0.7553905614320586,
    "eval_loss": 0.6812871694564819,
    "eval_loss_mm": 0.6500962972640991,
    "eval_runtime": 7.5347,
    "eval_runtime_mm": 7.6147,
    "eval_samples": 9815,
    "eval_samples_mm": 9832,
    "eval_samples_per_second": 1302.64,
    "eval_samples_per_second_mm": 1291.18,
    "eval_steps_per_second": 10.219,
    "eval_steps_per_second_mm": 10.112
}