{
    "epoch": 5.0,
    "eval_accuracy": 0.6101083032490975,
    "eval_loss": 0.914007842540741,
    "eval_runtime": 0.2363,
    "eval_samples": 277,
    "eval_samples_per_second": 1172.034,
    "eval_steps_per_second": 12.694
}