{
    "epoch": 5.0,
    "eval_accuracy": 0.7622549019607843,
    "eval_combined_score": 0.7990631531800537,
    "eval_f1": 0.8358714043993232,
    "eval_loss": 0.6937291026115417,
    "eval_runtime": 0.2201,
    "eval_samples": 408,
    "eval_samples_per_second": 1853.744,
    "eval_steps_per_second": 18.174
}