{
    "epoch": 5.0,
    "eval_accuracy": 0.8863220380905268,
    "eval_combined_score": 0.8665456959806505,
    "eval_f1": 0.8467693538707741,
    "eval_loss": 0.3041546642780304,
    "eval_runtime": 19.3841,
    "eval_samples": 40430,
    "eval_samples_per_second": 2085.731,
    "eval_steps_per_second": 16.302
}