{
    "epoch": 5.0,
    "eval_accuracy": 0.8088962108731467,
    "eval_loss": 0.4860272705554962,
    "eval_runtime": 4.2757,
    "eval_samples": 5463,
    "eval_samples_per_second": 1277.685,
    "eval_steps_per_second": 10.057
}