{
    "epoch": 5.0,
    "eval_accuracy": 0.8165137614678899,
    "eval_loss": 0.741399347782135,
    "eval_runtime": 0.6533,
    "eval_samples": 872,
    "eval_samples_per_second": 1334.801,
    "eval_steps_per_second": 10.715
}