{
    "epoch": 5.0,
    "eval_accuracy": 0.8211009174311926,
    "eval_loss": 0.7498987913131714,
    "eval_runtime": 0.6402,
    "eval_samples": 872,
    "eval_samples_per_second": 1362.114,
    "eval_steps_per_second": 10.934
}