{
    "epoch": 5.0,
    "eval_accuracy": 0.8957704674746475,
    "eval_combined_score": 0.8773226081512555,
    "eval_f1": 0.8588747488278634,
    "eval_loss": 0.38068318367004395,
    "eval_runtime": 33.4601,
    "eval_samples": 40430,
    "eval_samples_per_second": 1208.306,
    "eval_steps_per_second": 9.444
}