{
    "epoch": 5.0,
    "eval_combined_score": 0.8750520081218967,
    "eval_loss": 0.557542085647583,
    "eval_pearson": 0.87521880842242,
    "eval_runtime": 1.2338,
    "eval_samples": 1500,
    "eval_samples_per_second": 1215.751,
    "eval_spearmanr": 0.8748852078213735,
    "eval_steps_per_second": 9.726
}