{
    "epoch": 5.0,
    "eval_accuracy": 0.5740072202166066,
    "eval_loss": 0.6820187568664551,
    "eval_runtime": 0.0888,
    "eval_samples": 277,
    "eval_samples_per_second": 3120.226,
    "eval_steps_per_second": 33.793
}