{
    "epoch": 5.0,
    "eval_accuracy": 0.8389163463298553,
    "eval_loss": 0.5487969517707825,
    "eval_runtime": 2.7634,
    "eval_samples": 5463,
    "eval_samples_per_second": 1976.904,
    "eval_steps_per_second": 15.56
}