{
    "epoch": 5.0,
    "eval_accuracy": 0.7230392156862745,
    "eval_combined_score": 0.7684388829666957,
    "eval_f1": 0.8138385502471169,
    "eval_loss": 0.5701277256011963,
    "eval_runtime": 0.3205,
    "eval_samples": 408,
    "eval_samples_per_second": 1272.876,
    "eval_steps_per_second": 12.479
}