{
    "epoch": 5.0,
    "eval_accuracy": 0.8588687534321802,
    "eval_loss": 0.5088943243026733,
    "eval_runtime": 4.3277,
    "eval_samples": 5463,
    "eval_samples_per_second": 1262.323,
    "eval_steps_per_second": 9.936
}