{
    "epoch": 5.0,
    "eval_combined_score": 0.8412810796915202,
    "eval_loss": 0.7311762571334839,
    "eval_pearson": 0.8421655317370621,
    "eval_runtime": 1.1775,
    "eval_samples": 1500,
    "eval_samples_per_second": 1273.886,
    "eval_spearmanr": 0.8403966276459784,
    "eval_steps_per_second": 10.191
}