{
    "epoch": 5.0,
    "eval_accuracy": 0.323943661971831,
    "eval_loss": 0.7253109216690063,
    "eval_runtime": 0.0638,
    "eval_samples": 71,
    "eval_samples_per_second": 1112.003,
    "eval_steps_per_second": 15.662
}