{
    "epoch": 5.0,
    "eval_accuracy": 0.7034313725490197,
    "eval_combined_score": 0.7419153232981033,
    "eval_f1": 0.7803992740471869,
    "eval_loss": 0.6206312775611877,
    "eval_runtime": 0.3305,
    "eval_samples": 408,
    "eval_samples_per_second": 1234.32,
    "eval_steps_per_second": 12.101
}