{
    "epoch": 5.0,
    "eval_accuracy": 0.8864678899082569,
    "eval_loss": 0.5967231392860413,
    "eval_runtime": 0.6768,
    "eval_samples": 872,
    "eval_samples_per_second": 1288.342,
    "eval_steps_per_second": 10.342
}