{
    "epoch": 5.0,
    "eval_loss": 0.7926738262176514,
    "eval_matthews_correlation": 0.4553410961810576,
    "eval_runtime": 0.8186,
    "eval_samples": 1043,
    "eval_samples_per_second": 1274.087,
    "eval_steps_per_second": 10.994
}