{
    "epoch": 5.0,
    "eval_accuracy": 0.8743012614395251,
    "eval_combined_score": 0.8521218527783893,
    "eval_f1": 0.8299424441172534,
    "eval_loss": 0.34276801347732544,
    "eval_runtime": 31.373,
    "eval_samples": 40430,
    "eval_samples_per_second": 1288.687,
    "eval_steps_per_second": 10.072
}