{
    "epoch": 5.0,
    "eval_loss": 0.6860445141792297,
    "eval_matthews_correlation": 0.1352112068431589,
    "eval_runtime": 0.8632,
    "eval_samples": 1043,
    "eval_samples_per_second": 1208.361,
    "eval_steps_per_second": 10.427
}