{
    "epoch": 5.0,
    "eval_loss": 0.6659562587738037,
    "eval_matthews_correlation": 0.18621374933718915,
    "eval_runtime": 1.2482,
    "eval_samples": 1043,
    "eval_samples_per_second": 835.57,
    "eval_steps_per_second": 7.21
}