{
    "epoch": 5.0,
    "eval_accuracy": 0.7230392156862745,
    "eval_combined_score": 0.7639375698465916,
    "eval_f1": 0.8048359240069085,
    "eval_loss": 0.5927433967590332,
    "eval_runtime": 0.3372,
    "eval_samples": 408,
    "eval_samples_per_second": 1210.065,
    "eval_steps_per_second": 11.863
}