{
    "epoch": 5.0,
    "eval_combined_score": 0.7969793401692806,
    "eval_loss": 0.86859130859375,
    "eval_pearson": 0.7985659167288621,
    "eval_runtime": 1.1874,
    "eval_samples": 1500,
    "eval_samples_per_second": 1263.239,
    "eval_spearmanr": 0.7953927636096991,
    "eval_steps_per_second": 10.106
}