{
    "epoch": 5.0,
    "eval_combined_score": 0.8644726530041742,
    "eval_loss": 0.5952235460281372,
    "eval_pearson": 0.8652860071035512,
    "eval_runtime": 1.1026,
    "eval_samples": 1500,
    "eval_samples_per_second": 1360.48,
    "eval_spearmanr": 0.8636592989047973,
    "eval_steps_per_second": 10.884
}