{
    "epoch": 5.0,
    "eval_accuracy": 0.8680212337543475,
    "eval_loss": 0.4807612895965576,
    "eval_runtime": 4.4708,
    "eval_samples": 5463,
    "eval_samples_per_second": 1221.936,
    "eval_steps_per_second": 9.618
}