{
    "epoch": 5.0,
    "eval_accuracy": 0.45126353790613716,
    "eval_loss": 0.902927577495575,
    "eval_runtime": 0.3673,
    "eval_samples": 277,
    "eval_samples_per_second": 754.103,
    "eval_steps_per_second": 8.167
}