{
    "epoch": 5.0,
    "eval_accuracy": 0.8378180486911954,
    "eval_loss": 0.5323656797409058,
    "eval_runtime": 2.8838,
    "eval_samples": 5463,
    "eval_samples_per_second": 1894.387,
    "eval_steps_per_second": 14.911
}