{
    "epoch": 5.0,
    "eval_accuracy": 0.864259213455355,
    "eval_combined_score": 0.8431600198007596,
    "eval_f1": 0.8220608261461643,
    "eval_loss": 0.39729583263397217,
    "eval_runtime": 32.7996,
    "eval_samples": 40430,
    "eval_samples_per_second": 1232.637,
    "eval_steps_per_second": 9.634
}