{
    "epoch": 5.0,
    "eval_combined_score": 0.862874590947704,
    "eval_loss": 0.6064060926437378,
    "eval_pearson": 0.8638606032536573,
    "eval_runtime": 1.0869,
    "eval_samples": 1500,
    "eval_samples_per_second": 1380.117,
    "eval_spearmanr": 0.8618885786417507,
    "eval_steps_per_second": 11.041
}