{
    "epoch": 5.0,
    "eval_accuracy": 0.8868753432180121,
    "eval_loss": 0.5451180934906006,
    "eval_runtime": 3.8968,
    "eval_samples": 5463,
    "eval_samples_per_second": 1401.911,
    "eval_steps_per_second": 11.035
}