{
    "epoch": 5.0,
    "eval_combined_score": 0.8370181611018109,
    "eval_loss": 0.7013717293739319,
    "eval_pearson": 0.8389265860659426,
    "eval_runtime": 1.1562,
    "eval_samples": 1500,
    "eval_samples_per_second": 1297.317,
    "eval_spearmanr": 0.8351097361376792,
    "eval_steps_per_second": 10.379
}