{
    "epoch": 5.0,
    "eval_accuracy": 0.51985559566787,
    "eval_loss": 0.7504680156707764,
    "eval_runtime": 0.2341,
    "eval_samples": 277,
    "eval_samples_per_second": 1183.218,
    "eval_steps_per_second": 12.815
}