{
    "epoch": 5.0,
    "eval_accuracy": 0.6209386281588448,
    "eval_loss": 0.8266993165016174,
    "eval_runtime": 0.3735,
    "eval_samples": 277,
    "eval_samples_per_second": 741.642,
    "eval_steps_per_second": 8.032
}