{
    "epoch": 5.0,
    "eval_accuracy": 0.5703971119133574,
    "eval_loss": 0.9464056491851807,
    "eval_runtime": 0.2334,
    "eval_samples": 277,
    "eval_samples_per_second": 1186.78,
    "eval_steps_per_second": 12.853
}