{
    "epoch": 5.0,
    "eval_accuracy": 0.8753895622062825,
    "eval_combined_score": 0.8564733972119953,
    "eval_f1": 0.8375572322177082,
    "eval_loss": 0.39292582869529724,
    "eval_runtime": 31.6223,
    "eval_samples": 40430,
    "eval_samples_per_second": 1278.527,
    "eval_steps_per_second": 9.993
}