{
    "epoch": 5.0,
    "eval_combined_score": 0.49980775067330124,
    "eval_loss": 2.058915376663208,
    "eval_pearson": 0.5147732022568352,
    "eval_runtime": 1.2172,
    "eval_samples": 1500,
    "eval_samples_per_second": 1232.317,
    "eval_spearmanr": 0.4848422990897673,
    "eval_steps_per_second": 9.859
}