{
    "epoch": 5.0,
    "eval_accuracy": 0.5234657039711191,
    "eval_loss": 0.7048494219779968,
    "eval_runtime": 0.2422,
    "eval_samples": 277,
    "eval_samples_per_second": 1143.646,
    "eval_steps_per_second": 12.386
}