{
    "epoch": 5.0,
    "eval_accuracy": 0.8685703825736775,
    "eval_loss": 0.4680500626564026,
    "eval_runtime": 4.1661,
    "eval_samples": 5463,
    "eval_samples_per_second": 1311.312,
    "eval_steps_per_second": 10.322
}