{
    "epoch": 5.0,
    "eval_accuracy": 0.4647887323943662,
    "eval_loss": 0.702616274356842,
    "eval_runtime": 0.067,
    "eval_samples": 71,
    "eval_samples_per_second": 1059.171,
    "eval_steps_per_second": 14.918
}