{
    "epoch": 5.0,
    "eval_combined_score": 0.8686279849846021,
    "eval_loss": 0.5795669555664062,
    "eval_pearson": 0.8695811020378321,
    "eval_runtime": 1.1947,
    "eval_samples": 1500,
    "eval_samples_per_second": 1255.596,
    "eval_spearmanr": 0.8676748679313722,
    "eval_steps_per_second": 10.045
}