{
    "epoch": 5.0,
    "eval_accuracy": 0.7058823529411765,
    "eval_combined_score": 0.751246261216351,
    "eval_f1": 0.7966101694915254,
    "eval_loss": 0.6576047539710999,
    "eval_runtime": 0.3427,
    "eval_samples": 408,
    "eval_samples_per_second": 1190.595,
    "eval_steps_per_second": 11.673
}