{
    "epoch": 5.0,
    "eval_loss": 0.6569430232048035,
    "eval_matthews_correlation": 0.2759935586307096,
    "eval_runtime": 0.8238,
    "eval_samples": 1043,
    "eval_samples_per_second": 1266.062,
    "eval_steps_per_second": 10.925
}