{
    "epoch": 5.0,
    "eval_accuracy": 0.821078431372549,
    "eval_combined_score": 0.8468393902063442,
    "eval_f1": 0.8726003490401396,
    "eval_loss": 0.57530277967453,
    "eval_runtime": 0.3654,
    "eval_samples": 408,
    "eval_samples_per_second": 1116.667,
    "eval_steps_per_second": 10.948
}