{
    "epoch": 5.0,
    "eval_accuracy": 0.29577464788732394,
    "eval_loss": 0.7260466814041138,
    "eval_runtime": 0.0656,
    "eval_samples": 71,
    "eval_samples_per_second": 1081.984,
    "eval_steps_per_second": 15.239
}