{
    "epoch": 5.0,
    "epoch_mm": 5.0,
    "eval_accuracy": 0.8204788588894549,
    "eval_accuracy_mm": 0.8195687550854354,
    "eval_loss": 0.6903390288352966,
    "eval_loss_mm": 0.6938108801841736,
    "eval_runtime": 7.7355,
    "eval_runtime_mm": 7.6821,
    "eval_samples": 9815,
    "eval_samples_mm": 9832,
    "eval_samples_per_second": 1268.826,
    "eval_samples_per_second_mm": 1279.854,
    "eval_steps_per_second": 9.954,
    "eval_steps_per_second_mm": 10.023
}