{
    "epoch": 5.0,
    "eval_combined_score": 0.8720916195197662,
    "eval_loss": 0.5758496522903442,
    "eval_pearson": 0.8723609911530085,
    "eval_runtime": 1.2891,
    "eval_samples": 1500,
    "eval_samples_per_second": 1163.578,
    "eval_spearmanr": 0.871822247886524,
    "eval_steps_per_second": 9.309
}