{
    "epoch": 5.0,
    "eval_accuracy": 0.87116002968093,
    "eval_combined_score": 0.8495746653044216,
    "eval_f1": 0.8279893009279133,
    "eval_loss": 0.34683912992477417,
    "eval_runtime": 31.2083,
    "eval_samples": 40430,
    "eval_samples_per_second": 1295.487,
    "eval_steps_per_second": 10.125
}