{
    "epoch": 5.0,
    "epoch_mm": 5.0,
    "eval_accuracy": 0.7185939887926643,
    "eval_accuracy_mm": 0.7224369406021155,
    "eval_loss": 0.7105576992034912,
    "eval_loss_mm": 0.685685932636261,
    "eval_runtime": 7.7198,
    "eval_runtime_mm": 7.6816,
    "eval_samples": 9815,
    "eval_samples_mm": 9832,
    "eval_samples_per_second": 1271.407,
    "eval_samples_per_second_mm": 1279.945,
    "eval_steps_per_second": 9.974,
    "eval_steps_per_second_mm": 10.024
}