{
    "epoch": 5.0,
    "eval_accuracy": 0.8645560227553797,
    "eval_combined_score": 0.8444202267544065,
    "eval_f1": 0.8242844307534335,
    "eval_loss": 0.3835236728191376,
    "eval_runtime": 32.6035,
    "eval_samples": 40430,
    "eval_samples_per_second": 1240.051,
    "eval_steps_per_second": 9.692
}