{
    "epoch": 5.0,
    "eval_combined_score": 0.8220567787643379,
    "eval_loss": 0.8504360318183899,
    "eval_pearson": 0.8218056272692081,
    "eval_runtime": 0.4314,
    "eval_samples": 1500,
    "eval_samples_per_second": 3477.107,
    "eval_spearmanr": 0.8223079302594677,
    "eval_steps_per_second": 27.817
}