{
    "epoch": 5.0,
    "eval_accuracy": 0.30985915492957744,
    "eval_loss": 0.7310327887535095,
    "eval_runtime": 0.0676,
    "eval_samples": 71,
    "eval_samples_per_second": 1050.766,
    "eval_steps_per_second": 14.8
}