{
    "epoch": 5.0,
    "eval_accuracy": 0.8704128440366973,
    "eval_loss": 0.6127229928970337,
    "eval_runtime": 1.0164,
    "eval_samples": 872,
    "eval_samples_per_second": 857.891,
    "eval_steps_per_second": 6.887
}