{
    "epoch": 5.0,
    "epoch_mm": 5.0,
    "eval_accuracy": 0.7004584819154356,
    "eval_accuracy_mm": 0.6993490642799024,
    "eval_loss": 0.7428059577941895,
    "eval_loss_mm": 0.7286326289176941,
    "eval_runtime": 7.9444,
    "eval_runtime_mm": 7.9178,
    "eval_samples": 9815,
    "eval_samples_mm": 9832,
    "eval_samples_per_second": 1235.466,
    "eval_samples_per_second_mm": 1241.752,
    "eval_steps_per_second": 9.692,
    "eval_steps_per_second_mm": 9.725
}