{
    "epoch": 5.0,
    "eval_accuracy": 0.895424189957952,
    "eval_combined_score": 0.8773579948724797,
    "eval_f1": 0.8592917997870074,
    "eval_loss": 0.39771768450737,
    "eval_runtime": 42.7386,
    "eval_samples": 40430,
    "eval_samples_per_second": 945.984,
    "eval_steps_per_second": 7.394
}