{
    "epoch": 5.0,
    "eval_accuracy": 0.7720588235294118,
    "eval_combined_score": 0.8101729680452932,
    "eval_f1": 0.8482871125611745,
    "eval_loss": 0.5079146027565002,
    "eval_runtime": 0.1244,
    "eval_samples": 408,
    "eval_samples_per_second": 3278.476,
    "eval_steps_per_second": 32.142
}