{
    "epoch": 5.0,
    "eval_loss": 0.6749255657196045,
    "eval_matthews_correlation": 0.2733005537292625,
    "eval_runtime": 0.7808,
    "eval_samples": 1043,
    "eval_samples_per_second": 1335.865,
    "eval_steps_per_second": 11.527
}