{
    "epoch": 5.0,
    "eval_accuracy": 0.7230392156862745,
    "eval_combined_score": 0.7733760821021076,
    "eval_f1": 0.8237129485179407,
    "eval_loss": 0.5808372497558594,
    "eval_runtime": 0.1152,
    "eval_samples": 408,
    "eval_samples_per_second": 3540.42,
    "eval_steps_per_second": 34.71
}