{
    "epoch": 5.0,
    "eval_accuracy": 0.6985294117647058,
    "eval_combined_score": 0.7407990974167444,
    "eval_f1": 0.783068783068783,
    "eval_loss": 0.5923677086830139,
    "eval_runtime": 0.4018,
    "eval_samples": 408,
    "eval_samples_per_second": 1015.462,
    "eval_steps_per_second": 9.956
}