{
    "epoch": 5.0,
    "eval_accuracy": 0.874103388572842,
    "eval_combined_score": 0.854427189384142,
    "eval_f1": 0.8347509901954419,
    "eval_loss": 0.3952774703502655,
    "eval_runtime": 32.56,
    "eval_samples": 40430,
    "eval_samples_per_second": 1241.709,
    "eval_steps_per_second": 9.705
}