{
    "epoch": 5.0,
    "eval_accuracy": 0.8761068513480089,
    "eval_combined_score": 0.8565400001247774,
    "eval_f1": 0.836973148901546,
    "eval_loss": 0.3702695667743683,
    "eval_runtime": 20.407,
    "eval_samples": 40430,
    "eval_samples_per_second": 1981.181,
    "eval_steps_per_second": 15.485
}