{
    "epoch": 5.0,
    "eval_accuracy": 0.5595667870036101,
    "eval_loss": 0.691728413105011,
    "eval_runtime": 0.1688,
    "eval_samples": 277,
    "eval_samples_per_second": 1640.804,
    "eval_steps_per_second": 17.77
}