{
    "epoch": 5.0,
    "eval_accuracy": 0.8782339846648528,
    "eval_combined_score": 0.8598084251384321,
    "eval_f1": 0.8413828656120115,
    "eval_loss": 0.3083491027355194,
    "eval_runtime": 11.2837,
    "eval_samples": 40430,
    "eval_samples_per_second": 3583.05,
    "eval_steps_per_second": 28.005
}