{
    "epoch": 5.0,
    "eval_accuracy": 0.8916151372743013,
    "eval_combined_score": 0.8729975194546437,
    "eval_f1": 0.854379901634986,
    "eval_loss": 0.3571385443210602,
    "eval_runtime": 31.1722,
    "eval_samples": 40430,
    "eval_samples_per_second": 1296.99,
    "eval_steps_per_second": 10.137
}