{
    "epoch": 5.0,
    "eval_accuracy": 0.7352941176470589,
    "eval_combined_score": 0.7735704037712646,
    "eval_f1": 0.8118466898954704,
    "eval_loss": 0.6293936371803284,
    "eval_runtime": 0.5158,
    "eval_samples": 408,
    "eval_samples_per_second": 791.059,
    "eval_steps_per_second": 7.755
}