{
    "epoch": 5.0,
    "eval_accuracy": 0.7156862745098039,
    "eval_combined_score": 0.7602000396118043,
    "eval_f1": 0.8047138047138047,
    "eval_loss": 0.7228296399116516,
    "eval_runtime": 0.2176,
    "eval_samples": 408,
    "eval_samples_per_second": 1874.763,
    "eval_steps_per_second": 18.38
}