{
    "epoch": 5.0,
    "eval_accuracy": 0.8063725490196079,
    "eval_combined_score": 0.835433272794538,
    "eval_f1": 0.8644939965694682,
    "eval_loss": 0.5299538373947144,
    "eval_runtime": 0.3315,
    "eval_samples": 408,
    "eval_samples_per_second": 1230.707,
    "eval_steps_per_second": 12.066
}