{
    "epoch": 5.0,
    "eval_accuracy": 0.874795943606233,
    "eval_combined_score": 0.8553505132968924,
    "eval_f1": 0.8359050829875518,
    "eval_loss": 0.4059678912162781,
    "eval_runtime": 28.5747,
    "eval_samples": 40430,
    "eval_samples_per_second": 1414.89,
    "eval_steps_per_second": 11.059
}