{
    "epoch": 5.0,
    "eval_accuracy": 0.6666666666666666,
    "eval_combined_score": 0.7078720787207872,
    "eval_f1": 0.7490774907749077,
    "eval_loss": 0.6847721338272095,
    "eval_runtime": 0.3012,
    "eval_samples": 408,
    "eval_samples_per_second": 1354.734,
    "eval_steps_per_second": 13.282
}