{
    "epoch": 5.0,
    "eval_combined_score": 0.8289854629460673,
    "eval_loss": 0.752736508846283,
    "eval_pearson": 0.8305237251372407,
    "eval_runtime": 1.1997,
    "eval_samples": 1500,
    "eval_samples_per_second": 1250.337,
    "eval_spearmanr": 0.8274472007548941,
    "eval_steps_per_second": 10.003
}