{
    "epoch": 5.0,
    "eval_combined_score": 0.6161764703962898,
    "eval_loss": 1.590063452720642,
    "eval_pearson": 0.6172541683693232,
    "eval_runtime": 0.7651,
    "eval_samples": 1500,
    "eval_samples_per_second": 1960.593,
    "eval_spearmanr": 0.6150987724232562,
    "eval_steps_per_second": 15.685
}