{
    "epoch": 5.0,
    "eval_accuracy": 0.6691176470588235,
    "eval_combined_score": 0.7138074818478375,
    "eval_f1": 0.7584973166368515,
    "eval_loss": 0.6923311948776245,
    "eval_runtime": 0.3197,
    "eval_samples": 408,
    "eval_samples_per_second": 1276.25,
    "eval_steps_per_second": 12.512
}