{
    "epoch": 5.0,
    "eval_accuracy": 0.516245487364621,
    "eval_loss": 0.6989455223083496,
    "eval_runtime": 0.0821,
    "eval_samples": 277,
    "eval_samples_per_second": 3375.388,
    "eval_steps_per_second": 36.557
}