{
    "epoch": 5.0,
    "eval_accuracy": 0.7867647058823529,
    "eval_combined_score": 0.8169324408146387,
    "eval_f1": 0.8471001757469244,
    "eval_loss": 0.47837942838668823,
    "eval_runtime": 0.2208,
    "eval_samples": 408,
    "eval_samples_per_second": 1847.701,
    "eval_steps_per_second": 18.115
}