{
    "epoch": 5.0,
    "eval_accuracy": 0.36619718309859156,
    "eval_loss": 0.7208062410354614,
    "eval_runtime": 0.0671,
    "eval_samples": 71,
    "eval_samples_per_second": 1058.821,
    "eval_steps_per_second": 14.913
}