{
    "epoch": 5.0,
    "eval_loss": 0.6968709826469421,
    "eval_matthews_correlation": 0.11451075499127257,
    "eval_runtime": 0.5281,
    "eval_samples": 1043,
    "eval_samples_per_second": 1975.097,
    "eval_steps_per_second": 17.043
}