{
    "epoch": 5.0,
    "epoch_mm": 5.0,
    "eval_accuracy": 0.766887417218543,
    "eval_accuracy_mm": 0.7712571196094385,
    "eval_loss": 0.6879794597625732,
    "eval_loss_mm": 0.6620484590530396,
    "eval_runtime": 7.6915,
    "eval_runtime_mm": 7.7312,
    "eval_samples": 9815,
    "eval_samples_mm": 9832,
    "eval_samples_per_second": 1276.084,
    "eval_samples_per_second_mm": 1271.736,
    "eval_steps_per_second": 10.011,
    "eval_steps_per_second_mm": 9.96
}