{
    "epoch": 5.0,
    "eval_loss": 0.6546129584312439,
    "eval_matthews_correlation": 0.09280590703570978,
    "eval_runtime": 0.8142,
    "eval_samples": 1043,
    "eval_samples_per_second": 1281.021,
    "eval_steps_per_second": 11.054
}