{
    "epoch": 5.0,
    "epoch_mm": 5.0,
    "eval_accuracy": 0.7738155883851248,
    "eval_accuracy_mm": 0.7792921074043938,
    "eval_loss": 0.5903152823448181,
    "eval_loss_mm": 0.5643435120582581,
    "eval_runtime": 5.3787,
    "eval_runtime_mm": 5.4142,
    "eval_samples": 9815,
    "eval_samples_mm": 9832,
    "eval_samples_per_second": 1824.787,
    "eval_samples_per_second_mm": 1815.973,
    "eval_steps_per_second": 14.316,
    "eval_steps_per_second_mm": 14.222
}