{
    "epoch": 5.0,
    "eval_accuracy": 0.8818807339449541,
    "eval_loss": 0.5900546312332153,
    "eval_runtime": 0.6982,
    "eval_samples": 872,
    "eval_samples_per_second": 1248.93,
    "eval_steps_per_second": 10.026
}