{
    "epoch": 5.0,
    "epoch_mm": 5.0,
    "eval_accuracy": 0.8138563423331635,
    "eval_accuracy_mm": 0.8172294548413345,
    "eval_loss": 0.7060663104057312,
    "eval_loss_mm": 0.6819927096366882,
    "eval_runtime": 6.9743,
    "eval_runtime_mm": 7.0321,
    "eval_samples": 9815,
    "eval_samples_mm": 9832,
    "eval_samples_per_second": 1407.302,
    "eval_samples_per_second_mm": 1398.153,
    "eval_steps_per_second": 11.04,
    "eval_steps_per_second_mm": 10.95
}