{
    "epoch": 5.0,
    "eval_accuracy": 0.6813725490196079,
    "eval_combined_score": 0.7293849046467902,
    "eval_f1": 0.7773972602739726,
    "eval_loss": 0.6681467890739441,
    "eval_runtime": 0.3157,
    "eval_samples": 408,
    "eval_samples_per_second": 1292.344,
    "eval_steps_per_second": 12.67
}