{
    "epoch": 5.0,
    "eval_accuracy": 0.39436619718309857,
    "eval_loss": 0.7145411968231201,
    "eval_runtime": 0.0662,
    "eval_samples": 71,
    "eval_samples_per_second": 1072.04,
    "eval_steps_per_second": 15.099
}