{
    "epoch": 5.0,
    "eval_accuracy": 0.8757853079396488,
    "eval_combined_score": 0.8542428438558928,
    "eval_f1": 0.8327003797721367,
    "eval_loss": 0.34166619181632996,
    "eval_runtime": 46.4266,
    "eval_samples": 40430,
    "eval_samples_per_second": 870.837,
    "eval_steps_per_second": 6.806
}