{
    "epoch": 5.0,
    "eval_accuracy": 0.9036697247706422,
    "eval_loss": 0.5203319191932678,
    "eval_runtime": 0.7034,
    "eval_samples": 872,
    "eval_samples_per_second": 1239.72,
    "eval_steps_per_second": 9.952
}