{
    "epoch": 5.0,
    "eval_loss": 0.6344692707061768,
    "eval_matthews_correlation": 0.17925238914579836,
    "eval_runtime": 0.8261,
    "eval_samples": 1043,
    "eval_samples_per_second": 1262.611,
    "eval_steps_per_second": 10.895
}