{
    "epoch": 5.0,
    "eval_accuracy": 0.3380281690140845,
    "eval_loss": 0.7135369777679443,
    "eval_runtime": 0.0659,
    "eval_samples": 71,
    "eval_samples_per_second": 1077.849,
    "eval_steps_per_second": 15.181
}