{
    "epoch": 5.0,
    "eval_combined_score": 0.8413946264486374,
    "eval_loss": 0.7013593912124634,
    "eval_pearson": 0.8432445110131043,
    "eval_runtime": 1.2149,
    "eval_samples": 1500,
    "eval_samples_per_second": 1234.714,
    "eval_spearmanr": 0.8395447418841705,
    "eval_steps_per_second": 9.878
}