{
    "epoch": 5.0,
    "eval_combined_score": 0.8713826196956656,
    "eval_loss": 0.5518984198570251,
    "eval_pearson": 0.8722868267996521,
    "eval_runtime": 1.2594,
    "eval_samples": 1500,
    "eval_samples_per_second": 1191.039,
    "eval_spearmanr": 0.8704784125916791,
    "eval_steps_per_second": 9.528
}