{
    "epoch": 5.0,
    "eval_accuracy": 0.631768953068592,
    "eval_loss": 0.8115850687026978,
    "eval_runtime": 0.2306,
    "eval_samples": 277,
    "eval_samples_per_second": 1201.354,
    "eval_steps_per_second": 13.011
}