{
    "epoch": 5.0,
    "eval_accuracy": 0.5342960288808665,
    "eval_loss": 0.7768025398254395,
    "eval_runtime": 0.1519,
    "eval_samples": 277,
    "eval_samples_per_second": 1823.459,
    "eval_steps_per_second": 19.749
}