{
    "epoch": 5.0,
    "eval_accuracy": 0.6028880866425993,
    "eval_loss": 0.8433524370193481,
    "eval_runtime": 0.242,
    "eval_samples": 277,
    "eval_samples_per_second": 1144.553,
    "eval_steps_per_second": 12.396
}