{
    "epoch": 5.0,
    "eval_accuracy": 0.5379061371841155,
    "eval_loss": 0.6907108426094055,
    "eval_runtime": 0.0787,
    "eval_samples": 277,
    "eval_samples_per_second": 3521.687,
    "eval_steps_per_second": 38.141
}