{
    "epoch": 5.0,
    "eval_loss": 0.6160199046134949,
    "eval_matthews_correlation": 0.1339222455649041,
    "eval_runtime": 0.3377,
    "eval_samples": 1043,
    "eval_samples_per_second": 3088.755,
    "eval_steps_per_second": 26.653
}