{
    "epoch": 5.0,
    "eval_accuracy": 0.5740072202166066,
    "eval_loss": 0.779172956943512,
    "eval_runtime": 0.2339,
    "eval_samples": 277,
    "eval_samples_per_second": 1184.04,
    "eval_steps_per_second": 12.824
}