{
    "epoch": 5.0,
    "eval_accuracy": 0.22535211267605634,
    "eval_loss": 0.772199809551239,
    "eval_runtime": 0.0632,
    "eval_samples": 71,
    "eval_samples_per_second": 1123.231,
    "eval_steps_per_second": 15.82
}