{
    "epoch": 5.0,
    "eval_combined_score": 0.8298030954561397,
    "eval_loss": 0.758865237236023,
    "eval_pearson": 0.8316405620654478,
    "eval_runtime": 1.0832,
    "eval_samples": 1500,
    "eval_samples_per_second": 1384.757,
    "eval_spearmanr": 0.8279656288468318,
    "eval_steps_per_second": 11.078
}