{
    "epoch": 5.0,
    "eval_accuracy": 0.5492957746478874,
    "eval_loss": 0.6919084191322327,
    "eval_runtime": 0.0645,
    "eval_samples": 71,
    "eval_samples_per_second": 1100.497,
    "eval_steps_per_second": 15.5
}