{
    "epoch": 5.0,
    "eval_accuracy": 0.5415162454873647,
    "eval_loss": 0.7427414655685425,
    "eval_runtime": 0.1518,
    "eval_samples": 277,
    "eval_samples_per_second": 1824.856,
    "eval_steps_per_second": 19.764
}