{
    "epoch": 5.0,
    "eval_accuracy": 0.7328431372549019,
    "eval_combined_score": 0.7786598939092545,
    "eval_f1": 0.8244766505636071,
    "eval_loss": 0.674351692199707,
    "eval_runtime": 0.323,
    "eval_samples": 408,
    "eval_samples_per_second": 1263.268,
    "eval_steps_per_second": 12.385
}