{
    "epoch": 5.0,
    "eval_accuracy": 0.5595667870036101,
    "eval_loss": 0.8523045182228088,
    "eval_runtime": 0.2326,
    "eval_samples": 277,
    "eval_samples_per_second": 1191.073,
    "eval_steps_per_second": 12.9
}