{
    "epoch": 5.0,
    "eval_combined_score": 0.8435580053630676,
    "eval_loss": 0.6874623894691467,
    "eval_pearson": 0.8454145234579415,
    "eval_runtime": 0.79,
    "eval_samples": 1500,
    "eval_samples_per_second": 1898.703,
    "eval_spearmanr": 0.8417014872681936,
    "eval_steps_per_second": 15.19
}