{
    "epoch": 5.0,
    "eval_accuracy": 0.38028169014084506,
    "eval_loss": 0.7119279503822327,
    "eval_runtime": 0.0266,
    "eval_samples": 71,
    "eval_samples_per_second": 2673.378,
    "eval_steps_per_second": 37.653
}