{
    "epoch": 5.0,
    "eval_accuracy": 0.7205882352941176,
    "eval_combined_score": 0.7640103338632751,
    "eval_f1": 0.8074324324324325,
    "eval_loss": 0.7495956420898438,
    "eval_runtime": 0.2138,
    "eval_samples": 408,
    "eval_samples_per_second": 1908.013,
    "eval_steps_per_second": 18.706
}