{
    "epoch": 5.0,
    "eval_accuracy": 0.8451400329489291,
    "eval_loss": 0.3875724971294403,
    "eval_runtime": 2.6708,
    "eval_samples": 5463,
    "eval_samples_per_second": 2045.465,
    "eval_steps_per_second": 16.1
}