{
    "epoch": 5.0,
    "eval_combined_score": 0.8176207321691514,
    "eval_loss": 0.8558655381202698,
    "eval_pearson": 0.8179368156531024,
    "eval_runtime": 0.4408,
    "eval_samples": 1500,
    "eval_samples_per_second": 3403.283,
    "eval_spearmanr": 0.8173046486852005,
    "eval_steps_per_second": 27.226
}