{
    "epoch": 5.0,
    "eval_accuracy": 0.15492957746478872,
    "eval_loss": 0.8548668622970581,
    "eval_runtime": 0.0718,
    "eval_samples": 71,
    "eval_samples_per_second": 988.98,
    "eval_steps_per_second": 13.929
}