{
    "epoch": 5.0,
    "eval_accuracy": 0.2535211267605634,
    "eval_loss": 0.7408257722854614,
    "eval_runtime": 0.0678,
    "eval_samples": 71,
    "eval_samples_per_second": 1046.509,
    "eval_steps_per_second": 14.74
}