{
    "epoch": 5.0,
    "eval_combined_score": 0.8247985904280937,
    "eval_loss": 0.7886860370635986,
    "eval_pearson": 0.8261617540801157,
    "eval_runtime": 0.7666,
    "eval_samples": 1500,
    "eval_samples_per_second": 1956.763,
    "eval_spearmanr": 0.8234354267760716,
    "eval_steps_per_second": 15.654
}