{
    "epoch": 5.0,
    "eval_accuracy": 0.8256880733944955,
    "eval_loss": 0.7402278184890747,
    "eval_runtime": 1.0429,
    "eval_samples": 872,
    "eval_samples_per_second": 836.09,
    "eval_steps_per_second": 6.712
}