{
    "epoch": 5.0,
    "eval_accuracy": 0.30985915492957744,
    "eval_loss": 0.7366549372673035,
    "eval_runtime": 0.0684,
    "eval_samples": 71,
    "eval_samples_per_second": 1037.67,
    "eval_steps_per_second": 14.615
}