{
    "epoch": 5.0,
    "eval_accuracy": 0.6936274509803921,
    "eval_combined_score": 0.7421236082372648,
    "eval_f1": 0.7906197654941374,
    "eval_loss": 0.6912081837654114,
    "eval_runtime": 0.3317,
    "eval_samples": 408,
    "eval_samples_per_second": 1230.212,
    "eval_steps_per_second": 12.061
}