{
    "epoch": 5.0,
    "epoch_mm": 5.0,
    "eval_accuracy": 0.8177279673968416,
    "eval_accuracy_mm": 0.8236371033360456,
    "eval_loss": 0.7016563415527344,
    "eval_loss_mm": 0.6715096831321716,
    "eval_runtime": 7.7359,
    "eval_runtime_mm": 7.7112,
    "eval_samples": 9815,
    "eval_samples_mm": 9832,
    "eval_samples_per_second": 1268.76,
    "eval_samples_per_second_mm": 1275.026,
    "eval_steps_per_second": 9.954,
    "eval_steps_per_second_mm": 9.985
}