{
    "epoch": 5.0,
    "eval_accuracy": 0.908256880733945,
    "eval_loss": 0.4853885769844055,
    "eval_runtime": 0.6909,
    "eval_samples": 872,
    "eval_samples_per_second": 1262.132,
    "eval_steps_per_second": 10.132
}