{
    "epoch": 5.0,
    "eval_accuracy": 0.5848375451263538,
    "eval_loss": 0.761803150177002,
    "eval_runtime": 0.2352,
    "eval_samples": 277,
    "eval_samples_per_second": 1177.847,
    "eval_steps_per_second": 12.756
}