{
    "epoch": 5.0,
    "eval_accuracy": 0.8949047736829088,
    "eval_combined_score": 0.8762965439905317,
    "eval_f1": 0.8576883142981545,
    "eval_loss": 0.3825642764568329,
    "eval_runtime": 30.378,
    "eval_samples": 40430,
    "eval_samples_per_second": 1330.899,
    "eval_steps_per_second": 10.402
}