{
    "epoch": 5.0,
    "eval_accuracy": 0.6209386281588448,
    "eval_loss": 0.8739391565322876,
    "eval_runtime": 0.2433,
    "eval_samples": 277,
    "eval_samples_per_second": 1138.565,
    "eval_steps_per_second": 12.331
}