{
    "epoch": 5.0,
    "eval_accuracy": 0.22535211267605634,
    "eval_loss": 0.7853764295578003,
    "eval_runtime": 0.044,
    "eval_samples": 71,
    "eval_samples_per_second": 1611.858,
    "eval_steps_per_second": 22.702
}