{
    "epoch": 5.0,
    "eval_accuracy": 0.323943661971831,
    "eval_loss": 0.728515625,
    "eval_runtime": 0.0605,
    "eval_samples": 71,
    "eval_samples_per_second": 1173.921,
    "eval_steps_per_second": 16.534
}