{
    "epoch": 5.0,
    "eval_accuracy": 0.9059114518921593,
    "eval_combined_score": 0.8893947046922366,
    "eval_f1": 0.8728779574923139,
    "eval_loss": 0.4416869282722473,
    "eval_runtime": 46.9747,
    "eval_samples": 40430,
    "eval_samples_per_second": 860.676,
    "eval_steps_per_second": 6.727
}