{
    "epoch": 5.0,
    "eval_accuracy": 0.8451834862385321,
    "eval_loss": 0.677188515663147,
    "eval_runtime": 0.6834,
    "eval_samples": 872,
    "eval_samples_per_second": 1276.0,
    "eval_steps_per_second": 10.243
}