{
    "epoch": 5.0,
    "eval_accuracy": 0.8578431372549019,
    "eval_combined_score": 0.8773201451399064,
    "eval_f1": 0.896797153024911,
    "eval_loss": 0.4869571626186371,
    "eval_runtime": 0.3452,
    "eval_samples": 408,
    "eval_samples_per_second": 1181.894,
    "eval_steps_per_second": 11.587
}