{
    "epoch": 5.0,
    "eval_accuracy": 0.7083333333333334,
    "eval_combined_score": 0.7503272251308901,
    "eval_f1": 0.7923211169284468,
    "eval_loss": 0.6366630792617798,
    "eval_runtime": 0.3412,
    "eval_samples": 408,
    "eval_samples_per_second": 1195.88,
    "eval_steps_per_second": 11.724
}