{
    "epoch": 5.0,
    "eval_accuracy": 0.8480392156862745,
    "eval_combined_score": 0.8692492898219358,
    "eval_f1": 0.8904593639575972,
    "eval_loss": 0.5028803944587708,
    "eval_runtime": 0.3299,
    "eval_samples": 408,
    "eval_samples_per_second": 1236.917,
    "eval_steps_per_second": 12.127
}