{
    "epoch": 5.0,
    "eval_accuracy": 0.3380281690140845,
    "eval_loss": 0.728495180606842,
    "eval_runtime": 0.0273,
    "eval_samples": 71,
    "eval_samples_per_second": 2597.999,
    "eval_steps_per_second": 36.592
}