{
    "epoch": 5.0,
    "eval_combined_score": 0.19270357171333974,
    "eval_loss": 2.617278814315796,
    "eval_pearson": 0.1975143428801852,
    "eval_runtime": 1.1353,
    "eval_samples": 1500,
    "eval_samples_per_second": 1321.253,
    "eval_spearmanr": 0.1878928005464943,
    "eval_steps_per_second": 10.57
}