{
    "epoch": 5.0,
    "eval_accuracy": 0.893348623853211,
    "eval_loss": 0.5015125274658203,
    "eval_runtime": 0.7674,
    "eval_samples": 872,
    "eval_samples_per_second": 1136.275,
    "eval_steps_per_second": 9.121
}