{
    "epoch": 5.0,
    "eval_accuracy": 0.5342960288808665,
    "eval_loss": 0.6888564229011536,
    "eval_runtime": 0.0925,
    "eval_samples": 277,
    "eval_samples_per_second": 2993.592,
    "eval_steps_per_second": 32.422
}