{
    "epoch": 5.0,
    "eval_combined_score": 0.529592896835313,
    "eval_loss": 1.8847078084945679,
    "eval_pearson": 0.5338690630579677,
    "eval_runtime": 0.7613,
    "eval_samples": 1500,
    "eval_samples_per_second": 1970.425,
    "eval_spearmanr": 0.5253167306126582,
    "eval_steps_per_second": 15.763
}