{
    "epoch": 5.0,
    "eval_accuracy": 0.8835804503020318,
    "eval_loss": 0.5709425210952759,
    "eval_runtime": 4.4481,
    "eval_samples": 5463,
    "eval_samples_per_second": 1228.157,
    "eval_steps_per_second": 9.667
}