{
    "epoch": 5.0,
    "eval_accuracy": 0.5234657039711191,
    "eval_loss": 0.8509764075279236,
    "eval_runtime": 0.1519,
    "eval_samples": 277,
    "eval_samples_per_second": 1823.339,
    "eval_steps_per_second": 19.747
}