{
    "epoch": 5.0,
    "eval_accuracy": 0.6570397111913358,
    "eval_loss": 0.7508659362792969,
    "eval_runtime": 0.1493,
    "eval_samples": 277,
    "eval_samples_per_second": 1854.87,
    "eval_steps_per_second": 20.089
}