{
    "epoch": 5.0,
    "eval_accuracy": 0.5270758122743683,
    "eval_loss": 0.6908664107322693,
    "eval_runtime": 0.0787,
    "eval_samples": 277,
    "eval_samples_per_second": 3521.079,
    "eval_steps_per_second": 38.134
}