{
    "epoch": 5.0,
    "eval_accuracy": 0.7549019607843137,
    "eval_combined_score": 0.7915403274711947,
    "eval_f1": 0.8281786941580757,
    "eval_loss": 0.6068295240402222,
    "eval_runtime": 0.3242,
    "eval_samples": 408,
    "eval_samples_per_second": 1258.458,
    "eval_steps_per_second": 12.338
}