{
    "epoch": 5.0,
    "eval_combined_score": 0.8677818556318736,
    "eval_loss": 0.5610422492027283,
    "eval_pearson": 0.8689124766017363,
    "eval_runtime": 1.166,
    "eval_samples": 1500,
    "eval_samples_per_second": 1286.504,
    "eval_spearmanr": 0.8666512346620109,
    "eval_steps_per_second": 10.292
}