{
    "epoch": 5.0,
    "eval_loss": 0.734254777431488,
    "eval_matthews_correlation": 0.4215963014522394,
    "eval_runtime": 0.8127,
    "eval_samples": 1043,
    "eval_samples_per_second": 1283.38,
    "eval_steps_per_second": 11.074
}