{
    "epoch": 5.0,
    "eval_accuracy": 0.9015829829334653,
    "eval_combined_score": 0.8851075798156383,
    "eval_f1": 0.8686321766978111,
    "eval_loss": 0.4526488184928894,
    "eval_runtime": 19.999,
    "eval_samples": 40430,
    "eval_samples_per_second": 2021.604,
    "eval_steps_per_second": 15.801
}