{
    "epoch": 5.0,
    "eval_combined_score": 0.8443070297062663,
    "eval_loss": 0.7418890595436096,
    "eval_pearson": 0.8455926796783049,
    "eval_runtime": 1.1855,
    "eval_samples": 1500,
    "eval_samples_per_second": 1265.297,
    "eval_spearmanr": 0.8430213797342276,
    "eval_steps_per_second": 10.122
}