{
    "epoch": 5.0,
    "eval_combined_score": 0.8264191842850381,
    "eval_loss": 0.7739953398704529,
    "eval_pearson": 0.825886910310208,
    "eval_runtime": 0.4318,
    "eval_samples": 1500,
    "eval_samples_per_second": 3473.925,
    "eval_spearmanr": 0.8269514582598684,
    "eval_steps_per_second": 27.791
}