{
    "epoch": 5.0,
    "eval_accuracy": 0.8186274509803921,
    "eval_combined_score": 0.8452998846597463,
    "eval_f1": 0.8719723183391004,
    "eval_loss": 0.6109548807144165,
    "eval_runtime": 0.2137,
    "eval_samples": 408,
    "eval_samples_per_second": 1909.25,
    "eval_steps_per_second": 18.718
}