{
    "epoch": 5.0,
    "eval_accuracy": 0.9034133069502844,
    "eval_combined_score": 0.8864296650762254,
    "eval_f1": 0.8694460232021665,
    "eval_loss": 0.41895559430122375,
    "eval_runtime": 34.0991,
    "eval_samples": 40430,
    "eval_samples_per_second": 1185.661,
    "eval_steps_per_second": 9.267
}