{
    "epoch": 5.0,
    "eval_combined_score": 0.8382478273482771,
    "eval_loss": 0.7397302985191345,
    "eval_pearson": 0.8398334495059978,
    "eval_runtime": 1.198,
    "eval_samples": 1500,
    "eval_samples_per_second": 1252.106,
    "eval_spearmanr": 0.8366622051905563,
    "eval_steps_per_second": 10.017
}